,mean_fit_time,std_fit_time,mean_score_time,std_score_time,param_class_weight,param_max_depth,param_n_estimators,params,split0_test_accuracy,split1_test_accuracy,split2_test_accuracy,split3_test_accuracy,split4_test_accuracy,mean_test_accuracy,std_test_accuracy,rank_test_accuracy,split0_test_balanced_accuracy,split1_test_balanced_accuracy,split2_test_balanced_accuracy,split3_test_balanced_accuracy,split4_test_balanced_accuracy,mean_test_balanced_accuracy,std_test_balanced_accuracy,rank_test_balanced_accuracy,split0_test_f1_weighted,split1_test_f1_weighted,split2_test_f1_weighted,split3_test_f1_weighted,split4_test_f1_weighted,mean_test_f1_weighted,std_test_f1_weighted,rank_test_f1_weighted
0,8.878914928436279,0.21319670963846155,0.05839924812316895,0.005612372433217507,balanced,10,20,"{'class_weight': 'balanced', 'max_depth': 10, 'n_estimators': 20}",0.6044340289402225,0.5986311051593944,0.602127738719637,0.6020533422609083,0.6009597500185998,0.6016411930197523,0.0018831632794117303,156,0.40745243854449925,0.40646089718142625,0.4149549888601432,0.40911020030275635,0.40807502360144765,0.40921070969805456,0.0029983200118268126,9,0.5944702333644324,0.5916035177767128,0.5965071003197518,0.5953669481326131,0.5953308659054298,0.594655733099788,0.001657686354022306,25
1,15.71181778907776,0.5836740199621518,0.11099061965942383,0.030370026785657256,balanced,10,40,"{'class_weight': 'balanced', 'max_depth': 10, 'n_estimators': 40}",0.6052523899862366,0.6007886024625227,0.6062939404084365,0.6046572183164082,0.6026709322223048,0.6039326166791817,0.0019656740285360795,148,0.41118218513715216,0.40507974311236705,0.4175884310008159,0.415884824110338,0.40916159676644054,0.4117793560254227,0.004531982128353203,1,0.5946359267185556,0.5928534936449391,0.5990189341469613,0.5963420504687738,0.5960662568819132,0.5957833323722286,0.002037735298621813,19
2,25.405899477005004,0.5559738384949843,0.1857983112335205,0.02088317385341534,balanced,10,60,"{'class_weight': 'balanced', 'max_depth': 10, 'n_estimators': 60}",0.6054011829036938,0.6034668749767511,0.6078190678123722,0.6061451474909795,0.6047169109441262,0.6055098368255846,0.001452611278761277,141,0.40818210425770995,0.40662806631837733,0.4164055593487107,0.41200976362420844,0.4077114263881813,0.4101873839874376,0.0036001952019610577,7,0.5944955264144445,0.5944921743415142,0.5988145721504295,0.5965267755316458,0.5968646406235355,0.596238737812314,0.001624740750363719,13
3,36.20456790924072,1.3732588398315413,0.19162774085998535,0.03941446006411151,balanced,10,80,"{'class_weight': 'balanced', 'max_depth': 10, 'n_estimators': 80}",0.6056987687386081,0.601867351114087,0.6089722129226649,0.6063311386378009,0.6056841008853507,0.6057107144597024,0.0022713252155377693,138,0.41030703639085103,0.404522088658532,0.41560896277520154,0.41323423550526855,0.40948272585163287,0.4106310098362972,0.003749646175427133,3,0.5946661440825026,0.593143611303657,0.5993687992400568,0.5957459314947026,0.5978247784054183,0.5961498529052675,0.002216710350101049,15
4,45.903885459899904,0.5393676585392428,0.20811619758605956,0.07398376749157015,balanced,10,100,"{'class_weight': 'balanced', 'max_depth': 10, 'n_estimators': 100}",0.6054011829036938,0.6009001971506156,0.6083026447941078,0.6042480377934011,0.6061676958559631,0.6050039516995562,0.002441543628716204,143,0.4089343075148249,0.40410791150818265,0.4160947031386054,0.41195130922494727,0.4102132274647974,0.41026029177027146,0.003911831495114397,5,0.5943466092044524,0.5918729102594096,0.5986697358508555,0.5942030139086695,0.5978312275021885,0.5953846993451151,0.0025133101305143124,23
5,51.95514211654663,0.6492701359746883,0.20878105163574218,0.06500796309317754,balanced,10,120,"{'class_weight': 'balanced', 'max_depth': 10, 'n_estimators': 120}",0.6064055350965294,0.6022393334077298,0.6073354908306364,0.6050292006100509,0.6068744885053196,0.6055768096900532,0.0018386048569904966,139,0.40940318454455715,0.40524398146453705,0.41215773851861776,0.4136850042142144,0.40980179257659566,0.4100583402637044,0.0028716984807557445,8,0.5946426383797302,0.5925972885984009,0.5974431649648124,0.5947742636691942,0.597819451329532,0.5954553613883339,0.0019407873233830307,22
6,61.319930696487425,0.4292846827624223,0.2711838722229004,0.07734112302307193,balanced,10,140,"{'class_weight': 'balanced', 'max_depth': 10, 'n_estimators': 140}",0.6074098872893651,0.6023881263251869,0.607930662500465,0.6055499758211509,0.6070976861840637,0.6060752676240464,0.002006986893146445,137,0.4103694466868154,0.4046254638336496,0.41499880761791513,0.41101901785949224,0.4100033137336653,0.41020320994630755,0.003311861845733815,6,0.5951218046134287,0.5929480821901648,0.5979798653552704,0.5946432986299421,0.5979354659459825,0.5957257033469576,0.0019603963908458814,20
7,69.86740555763245,0.3332424032497979,0.37172303199768064,0.07516918521504401,balanced,10,160,"{'class_weight': 'balanced', 'max_depth': 10, 'n_estimators': 160}",0.608451437711565,0.6022393334077298,0.607930662500465,0.6049548041513224,0.6072836842496838,0.6061719844041532,0.002300956505509004,136,0.4109127127235097,0.40516177769829165,0.41426925819620763,0.4114880417453454,0.41031529982354203,0.41042941803737926,0.0029617457035597612,4,0.5961031785075975,0.5928859937741618,0.5980414955847093,0.5947100742377489,0.5979499999764353,0.5959381484161306,0.001965841554625261,18
8,76.21582622528076,0.916929327939823,0.4265714645385742,0.10313168713756925,balanced,10,180,"{'class_weight': 'balanced', 'max_depth': 10, 'n_estimators': 180}",0.6087490235464792,0.603057694453744,0.6086374288583863,0.6051407952981438,0.6068744885053196,0.6064918861324146,0.0021662652838003844,130,0.4114786927567776,0.40863068651328194,0.4155044291161912,0.4129790019165087,0.4102876378592152,0.41177608963239487,0.0023471262272890445,2,0.5962861130489924,0.593650881347551,0.5988227977032029,0.595064318920724,0.5977608160514596,0.5963169854143858,0.0018461841445436048,11
9,17.13207197189331,0.5170036011595738,0.13234481811523438,0.04394717994720994,balanced,20,20,"{'class_weight': 'balanced', 'max_depth': 20, 'n_estimators': 20}",0.6194621136033924,0.6160398765018785,0.6238515046683778,0.6189413383922925,0.617178781340674,0.6190947229013231,0.002675383864157941,35,0.3855391900234574,0.3823313747204681,0.3893316668919793,0.38658956098294384,0.38161764282287275,0.38508188708834423,0.0028322832324114908,18,0.592001743348292,0.5902957974713965,0.5968703254695371,0.5925820749673547,0.5905010203648926,0.5924501923242946,0.0023747321973983768,35
10,29.19022479057312,0.23456210151956952,0.22435059547424316,0.06688642612746659,balanced,20,40,"{'class_weight': 'balanced', 'max_depth': 20, 'n_estimators': 40}",0.6261577948889633,0.6221031878882565,0.6301380054309415,0.6243350816501134,0.6240235101554944,0.6253515160027538,0.002716944627758017,29,0.38860328266745675,0.38585099335059303,0.3932286333426741,0.3895030526418485,0.3839148550215957,0.38822016340483356,0.003194557975770113,17,0.5967348394539834,0.5942207227466704,0.6011891976331262,0.5956598345752311,0.5948080457355854,0.5965225280289193,0.0024821312786644464,8
11,50.47167797088623,1.4870877619775933,0.5910227775573731,0.25527683252261674,balanced,20,60,"{'class_weight': 'balanced', 'max_depth': 20, 'n_estimators': 60}",0.6280177063571774,0.624930253319942,0.6293196443849273,0.6248186586318492,0.6259950896510676,0.6266162704689927,0.0017738196543356348,25,0.38897703521179505,0.3878009836472379,0.39174717343969656,0.3882278417481714,0.386491873083192,0.38864898142601856,0.0017467677752779009,16,0.5972296338674963,0.5959260190645053,0.5999130284315652,0.594933183572235,0.5964150342539672,0.5968833798379538,0.001687472379930847,7
12,70.27816219329834,2.9812904207005295,0.9050124168395997,0.34815606897115475,balanced,20,80,"{'class_weight': 'balanced', 'max_depth': 20, 'n_estimators': 80}",0.6290592567793774,0.626380984265149,0.6330394673213555,0.6269017594762489,0.6268878803660441,0.628453869641635,0.0024719393935779244,24,0.3891987629515429,0.38948749300733165,0.3962640434786563,0.3899332002833904,0.38733844314828186,0.39044438857384056,0.003041178257916397,12,0.5977392871421514,0.5967860712164483,0.6037837902353446,0.5965795019100566,0.5966378851182745,0.5983053071244551,0.0027713149711133737,3
13,93.95492839813232,2.4533070310099205,0.9790336608886718,0.38251999603786924,balanced,20,100,"{'class_weight': 'balanced', 'max_depth': 20, 'n_estimators': 100}",0.629803221366663,0.625451028531042,0.6330766655507197,0.6280177063571774,0.6273714753366565,0.6287440194284517,0.0025748370114849653,23,0.3892201244514135,0.3878411193433061,0.3946596805512205,0.39052830401491584,0.3868456407090285,0.3898189738139769,0.0027220150502573278,15,0.5981344909736377,0.595613738051497,0.6029647633497649,0.5972241438201759,0.5966351658160238,0.5981144604022198,0.0025597042122546816,5
14,94.139386510849,4.706855836812063,1.428102970123291,0.37202856436312964,balanced,20,120,"{'class_weight': 'balanced', 'max_depth': 20, 'n_estimators': 120}",0.6306587806420414,0.6262321913476918,0.6316259346055128,0.6284640851095488,0.6272970761104084,0.6288556135630406,0.002019443875639663,22,0.3890795111575709,0.38860926658238193,0.3932665007973723,0.3913672040911851,0.3874555626786835,0.3899556090614388,0.002087343869087213,14,0.5986268708789876,0.5961150020712068,0.6012096828449861,0.5975979669944806,0.5963860653117955,0.5979871176202913,0.001844659003320517,6
15,129.42100481987,5.189730750457289,1.6685123920440674,0.5080726061276093,balanced,20,140,"{'class_weight': 'balanced', 'max_depth': 20, 'n_estimators': 140}",0.6303983930364915,0.6266413718706989,0.6324442956515269,0.6288360674031916,0.6285618629566253,0.6293763981837068,0.0019438241830757193,21,0.3890358293755976,0.3890038679189487,0.3938314341279717,0.39143747942346,0.3893271015438819,0.39052714247797204,0.0018831640957469103,10,0.5983584888010024,0.596567107429569,0.6017632727898391,0.5978436743091052,0.5977510632235769,0.5984567213106184,0.0017542720936051018,2
16,133.2134139060974,7.699040337329097,1.261963415145874,0.16057697942953258,balanced,20,160,"{'class_weight': 'balanced', 'max_depth': 20, 'n_estimators': 160}",0.6296544284492058,0.6272737417698917,0.6327418814864413,0.6284640851095488,0.6291198571534856,0.6294507987937147,0.0018273146349599878,20,0.38820588817468266,0.38927012133170436,0.3946408390368818,0.3911308585229446,0.3891182653343181,0.39047319448010637,0.0022902261468243173,11,0.5973699994873843,0.5969293904498341,0.6018738357420402,0.5972607699492878,0.5978895844841271,0.5982647160225347,0.0018307369337072644,4
17,129.65582556724547,4.12733066050886,1.4141714096069335,0.03026627982192146,balanced,20,180,"{'class_weight': 'balanced', 'max_depth': 20, 'n_estimators': 180}",0.6304355912658558,0.6272737417698917,0.6331510620094484,0.6291336532381059,0.6300498474815862,0.6300087791529776,0.0019133254606125848,19,0.38860617545108067,0.3891846865161295,0.3943211378106139,0.3905902463136367,0.38947599123001014,0.39043564746429416,0.002047132006712151,13,0.597810283977043,0.5968237303807341,0.6022283702804209,0.5974901315486015,0.5984205399093093,0.5985546112192217,0.0019077509924275231,1
18,19.622627782821656,0.7201022665777782,0.19306402206420897,0.027930109276853108,balanced,30,20,"{'class_weight': 'balanced', 'max_depth': 30, 'n_estimators': 20}",0.6048432094632296,0.6025369192426441,0.6084142394822006,0.605438381133058,0.606018897403467,0.6054503293449198,0.0018955067224163988,142,0.3669196061396685,0.36584936777696286,0.36958098081457486,0.3695442836613541,0.3677387965916593,0.36792660699684393,0.0014641090649916849,144,0.5721602049983511,0.5711026198067854,0.5769165836509186,0.5737226972624281,0.5740127973367068,0.573582980611038,0.001974520324087367,144
19,33.87553329467774,0.5210005983482253,0.43877215385437013,0.06150201761234969,balanced,30,40,"{'class_weight': 'balanced', 'max_depth': 30, 'n_estimators': 40}",0.6105345385559647,0.6077818695830078,0.6145891455566715,0.6091954022988506,0.6097016591027453,0.610360523019448,0.0022957609400295555,87,0.3700660805496215,0.3706289135634481,0.374660789653144,0.37289115120188876,0.3700086339828509,0.37165111379019067,0.0018357998353434582,59,0.5769593811902332,0.57625139011601,0.5822963000079989,0.5771611293841719,0.5775049406886181,0.5780346282774064,0.0021698622000608566,94
20,50.516601371765134,0.3609783142874733,0.6884150981903077,0.07172595560857632,balanced,30,60,"{'class_weight': 'balanced', 'max_depth': 30, 'n_estimators': 60}",0.6128780270059145,0.612022467730536,0.6160398765018785,0.6107949261615148,0.6129008258314114,0.6129272246462512,0.0017353386288631739,58,0.3713664977070924,0.3732148613507723,0.37573625635449154,0.3745608077368154,0.37375378744751897,0.37372644211933814,0.0014537757407580456,51,0.5792390005031549,0.5793688249695396,0.5834415116152563,0.5788985741455136,0.5805449426798319,0.5802985707826593,0.0016664863172053742,54
21,67.48117256164551,1.2692759578813233,1.054407262802124,0.06430784337517062,balanced,30,80,"{'class_weight': 'balanced', 'max_depth': 30, 'n_estimators': 80}",0.6155934977495071,0.6116876836662575,0.6176022021351784,0.6106461332440576,0.6137564169332639,0.6138571867456529,0.0025324959595857365,46,0.37366414991807967,0.3719918225036189,0.3780646627196429,0.37398995705826577,0.3741472748312414,0.3743715734061697,0.0019999255943502084,49,0.5817105047991605,0.5785118170586884,0.5851063860897844,0.5783177704517357,0.5813236652413203,0.5809940287281379,0.002484238893304011,50
22,85.84825773239136,1.606949359952799,1.3185590267181397,0.11269287144140314,balanced,30,100,"{'class_weight': 'balanced', 'max_depth': 30, 'n_estimators': 100}",0.6161514711899714,0.6122084588773574,0.6174534092177212,0.6117248818956218,0.6142028122907521,0.6143482066942847,0.0022079646195020354,44,0.3743496741927509,0.3719397096722414,0.37711000745136525,0.3745601578321396,0.3747116958287126,0.37453424899544197,0.0016390480424404703,48,0.5823112978073979,0.5787959174511709,0.5846983946133036,0.5792935641188653,0.581638040895279,0.5813474429772033,0.0021434104145443356,49
23,95.11600618362426,2.480378856946297,1.4082591533660889,0.1791610818540134,balanced,30,120,"{'class_weight': 'balanced', 'max_depth': 30, 'n_estimators': 120}",0.6158910835844214,0.6120968641892646,0.6181229773462783,0.6121340624186289,0.615541998363217,0.6147573971803619,0.002331878847664726,42,0.37405743417051407,0.3712616339474661,0.37832511483995973,0.37485237053448034,0.37563201506987076,0.37482571371245826,0.0022886484545286013,43,0.5819437034442169,0.578518727884402,0.5853779789166514,0.5793184927734986,0.5827256503774051,0.5815769106792349,0.0024639477679388798,47
24,106.94573888778686,1.6325781234880121,1.8443339347839356,0.1205663710476777,balanced,30,140,"{'class_weight': 'balanced', 'max_depth': 30, 'n_estimators': 140}",0.6161886694193356,0.6122456571067217,0.6176022021351784,0.6128408287765502,0.615467599136969,0.614868991314951,0.0020280852379433814,40,0.37366966972603677,0.37245403683461553,0.3781855051822943,0.3750120496205828,0.3742976723558703,0.3747237867438799,0.0019241149052239234,45,0.5820954772531095,0.5786430008027013,0.5847293279147964,0.579918145776949,0.5822416683148146,0.5815255240124741,0.0020973637571837602,48
25,131.26328763961791,3.302936724733733,2.1570041179656982,0.10622766726933475,balanced,30,160,"{'class_weight': 'balanced', 'max_depth': 30, 'n_estimators': 160}",0.6163746605661571,0.6131756128408288,0.6173418145296284,0.6132872075289216,0.6153560002975969,0.6151070591526266,0.0016556123592158434,38,0.3734147401384378,0.37303922802919137,0.3776048097783377,0.3755252954793742,0.3741857896297994,0.3747539726110281,0.0016600563856980417,44,0.5820451301586265,0.5795888391246957,0.5843450762081073,0.5801179971969131,0.5820458660173663,0.5816285817411417,0.0016834129943038927,46
26,145.56610102653502,4.155221394429063,2.187519359588623,0.2241825232430137,balanced,30,180,"{'class_weight': 'balanced', 'max_depth': 30, 'n_estimators': 180}",0.6163002641074284,0.6132872075289216,0.6173046163002641,0.6143659561804858,0.6163603898519455,0.6155236867938091,0.0014708524000580513,36,0.3730724605366579,0.3731872345086796,0.37774396581931047,0.3764309544069002,0.3750721212955031,0.37510134731341027,0.0018183702116468144,41,0.5818335207066063,0.5797057409097,0.5844931938832354,0.5811278878981461,0.5829664244739602,0.5820253535743296,0.0016247275237016537,45
27,19.707550716400146,1.3065189415219232,0.21578445434570312,0.026310359587260315,balanced,40,20,"{'class_weight': 'balanced', 'max_depth': 40, 'n_estimators': 20}",0.601867351114087,0.5998214484990514,0.6044340289402225,0.5950972733697876,0.6015921434417082,0.6005624490729714,0.0031038491527662954,157,0.36413635341500183,0.36244588073884415,0.3682199739343656,0.36035378490179426,0.3627477598854282,0.36358075057508676,0.0026163408946037457,156,0.5691246610619665,0.5674261179777275,0.5733228132223089,0.5629954846488925,0.5692118066318055,0.5684161767085402,0.0033338919487013933,157
28,35.1551070690155,2.787383695735524,0.4457226753234863,0.03882780221682813,balanced,40,40,"{'class_weight': 'balanced', 'max_depth': 40, 'n_estimators': 40}",0.6081538518766507,0.6048060112338652,0.6083770412528363,0.6010489900680728,0.6052377055278625,0.6055247199918575,0.0026712973992233536,140,0.3694327982142828,0.36688334960068303,0.36890017461273944,0.36590078842197155,0.3661658763631587,0.3674565974425671,0.001442525579530079,145,0.5755746044892609,0.5721151162047855,0.5761250326415962,0.5697633246590925,0.5727794968040744,0.5732715149597619,0.0023380985297107044,145
29,45.887974405288695,0.9158832343010374,0.7729080200195313,0.13240470564715945,balanced,40,60,"{'class_weight': 'balanced', 'max_depth': 40, 'n_estimators': 60}",0.6097533757393148,0.6072610943719079,0.6115760889781646,0.6038760554997582,0.607581281154676,0.6080095791487643,0.0025919299875669117,124,0.37077093137365796,0.36808020961641985,0.3733791706736618,0.36947479544415157,0.36852193572802733,0.3700454085671837,0.0019051996677099446,125,0.5767276178349452,0.5743448482598129,0.5796228953775351,0.5725069943239817,0.5749911061287951,0.5756386923850141,0.0024066809280067214,132
30,65.79113631248474,0.5897206686085005,1.1894448280334473,0.13281448611976876,balanced,40,80,"{'class_weight': 'balanced', 'max_depth': 40, 'n_estimators': 80}",0.6101997544916862,0.6086746270877507,0.6097905739686791,0.6050292006100509,0.6094412618108772,0.6086270835938088,0.0018674534598337627,122,0.37119323300630025,0.369220591721634,0.37240219791343987,0.3699428784797168,0.36984216010069426,0.37052021224435705,0.0011381484519202222,111,0.5772459747888359,0.5756815110416365,0.5780024334035704,0.573226408454034,0.5767415480020064,0.5761795751380167,0.0016580166029876514,127
31,78.33489799499512,1.66385609614889,1.3804939270019532,0.21078842863690442,balanced,40,100,"{'class_weight': 'balanced', 'max_depth': 40, 'n_estimators': 100}",0.6118364765837147,0.6080794554179221,0.6111297102257932,0.6041364431053082,0.609143664905885,0.6088651500477247,0.002720756148880167,117,0.3720310397094847,0.36825226457076493,0.3732653352434683,0.36864064591216683,0.37055069977920974,0.3705479970430189,0.0019231081962014698,109,0.5786268933676015,0.5748571992649951,0.5790851084796866,0.5719707028371968,0.5766257285646492,0.5762331265028259,0.0026107274330080584,125
32,96.04379863739014,1.6029922073819443,1.769968318939209,0.2450027432641946,balanced,40,120,"{'class_weight': 'balanced', 'max_depth': 40, 'n_estimators': 120}",0.6106833314734219,0.6096417810512219,0.6121712606479932,0.6062939404084365,0.6099992560077375,0.6097579139177622,0.0019365683779838168,100,0.3705667271726777,0.3698033031538935,0.3741734438094262,0.37059408397581517,0.3709843185352626,0.37122437532941505,0.001523407140638272,68,0.5772993898975008,0.5759141066371378,0.580050320497309,0.5741079196385562,0.5771997429619898,0.5769142959264988,0.001946306962910869,99
33,119.45946054458618,0.4431305853771651,2.2745922565460206,0.15793677149686788,balanced,40,140,"{'class_weight': 'balanced', 'max_depth': 40, 'n_estimators': 140}",0.6108693226202433,0.6103485474091433,0.6106089350146933,0.6068147156195365,0.6101852540733577,0.6097653549473948,0.001493524229409533,99,0.3700738401934753,0.37069766827262196,0.3722334080138858,0.3712923009693123,0.3701955869331583,0.37089856087649076,0.0007939197124639284,85,0.5771798081131386,0.5766012033365898,0.5782757176380615,0.5746134823027069,0.5770104147385423,0.5767361252258077,0.0011971842742331648,106
34,130.81494045257568,2.0853774322839924,2.402037525177002,0.13265927304192068,balanced,40,160,"{'class_weight': 'balanced', 'max_depth': 40, 'n_estimators': 160}",0.6112785031432504,0.610162556262322,0.6118736748130789,0.6074842837480936,0.6102596532996056,0.61021173425327,0.0015062365854639282,89,0.3710568189870173,0.3704612961494278,0.37382856276633036,0.37180381541383867,0.3707105027267904,0.37157219920868084,0.0012154888545455771,61,0.5778775765913867,0.5765164477592124,0.5795525927076427,0.5752483781650561,0.5773740702994369,0.577313813104547,0.0014307625444550322,97
35,145.2103976726532,0.9513172170615616,2.804151916503906,0.26142126887264433,balanced,40,180,"{'class_weight': 'balanced', 'max_depth': 40, 'n_estimators': 180}",0.6117248818956218,0.6106833314734219,0.6117992783543503,0.6071866979131794,0.6097760583289934,0.6102340495931133,0.001695316164990257,88,0.37110445218105553,0.371145010772678,0.37335225770005287,0.37138156276718287,0.37031551353123887,0.37145975939044157,0.0010121534523479135,63,0.5779726930284612,0.5770366154028304,0.5791713645086067,0.5746271279509747,0.5769693185357104,0.5771554238853167,0.0014948562765189322,98
36,21.402565717697144,1.3494576979381478,0.25651917457580564,0.03726862846150006,balanced,50,20,"{'class_weight': 'balanced', 'max_depth': 50, 'n_estimators': 20}",0.5985939069300301,0.5982219246363873,0.5994494662054086,0.5978499423427445,0.6002529573692433,0.5988736394967628,0.0008700612188811073,158,0.3621786509569086,0.3629287056966292,0.3633239617636728,0.3646852511125112,0.363104326846731,0.3632441792752905,0.0008170050383399431,157,0.5660891399460193,0.5666341934873769,0.5679196538074014,0.5661663864758589,0.5684419199580611,0.5670502587349435,0.000956102352154671,158
37,33.74900937080383,0.5024375322276886,0.484467077255249,0.08918957814703245,balanced,50,40,"{'class_weight': 'balanced', 'max_depth': 50, 'n_estimators': 40}",0.6053639846743295,0.6034668749767511,0.6071866979131794,0.6009373953799799,0.6025593333829328,0.6039028572654346,0.0021775033353723054,150,0.3676736070895201,0.3667242703146537,0.36983435899231487,0.3671966479671636,0.3630629137022971,0.3668983596131899,0.0021932181544545037,150,0.5727672262424083,0.5715426327573483,0.5754973002764391,0.5691211934197257,0.5704591419312562,0.5718774989254355,0.0021732771785286805,151
38,51.99617395401001,0.8622543177129063,0.7645256042480468,0.08000620462339109,balanced,50,60,"{'class_weight': 'balanced', 'max_depth': 50, 'n_estimators': 60}",0.6065915262433508,0.605959156344158,0.6089722129226649,0.6026857121601011,0.6067256900528234,0.6061868595446196,0.0020259402088829005,135,0.36791827891522166,0.36798850546535933,0.37060005229099613,0.367645534980808,0.36710239828104446,0.3682509539866859,0.0012151976921038928,142,0.5736223820187097,0.5735305690679439,0.57694016546768,0.5708813949837999,0.5741267784748617,0.5738202580025991,0.0019280958387855793,140
39,62.84854769706726,1.4507126647101003,1.1792756080627442,0.07753417542449294,balanced,50,80,"{'class_weight': 'balanced', 'max_depth': 50, 'n_estimators': 80}",0.6077446713536435,0.6078190678123722,0.6097533757393148,0.603057694453744,0.6082880738040325,0.6073325766326214,0.002256295926065328,129,0.3681067386079586,0.36941586624100214,0.3713622556078084,0.3683833226843024,0.36883162790446766,0.36921996220910785,0.0011591234109111137,133,0.5743269842888273,0.5750274694627318,0.5779994534019325,0.5715153226271377,0.5760428250066013,0.5749824109574462,0.0021297576831402353,138
40,80.65960178375244,0.682479080140059,1.480281925201416,0.1762205985529788,balanced,50,100,"{'class_weight': 'balanced', 'max_depth': 50, 'n_estimators': 100}",0.6093069969869435,0.6090466093813934,0.6095673845924934,0.6038388572703939,0.6098132579421174,0.6083146212346684,0.0022524834008786944,123,0.3686458654715199,0.37033336523990573,0.3719037036996075,0.3690168717661734,0.3689794307650139,0.3697758473884441,0.001210436384244063,127,0.5756444826682626,0.5761208880696167,0.5776804011244729,0.5717116654267046,0.5769736022813885,0.575626207914089,0.0020786469943243654,133
41,101.86037673950196,2.331546922702045,2.3064859390258787,0.55622883098832,balanced,50,120,"{'class_weight': 'balanced', 'max_depth': 50, 'n_estimators': 120}",0.6097905739686791,0.609381393445672,0.6113900978313432,0.6055127775917867,0.610706048657094,0.609356178298915,0.002045484932497604,107,0.36992701593977884,0.3706913494045664,0.37302295808407193,0.37040322082631266,0.3699811239489308,0.37080513364073214,0.0011439675426496976,91,0.5762767410823505,0.5763616504576724,0.579382871944318,0.5733588887066653,0.5776276333245495,0.5766015571031111,0.001973144882328514,113
42,137.44537405967714,2.2788646967870996,3.2360607147216798,0.8075008898674569,balanced,50,140,"{'class_weight': 'balanced', 'max_depth': 50, 'n_estimators': 140}",0.6091954022988506,0.6088234200052077,0.6107205297027861,0.6063311386378009,0.6106316494308459,0.6091404280150983,0.001594746732859065,112,0.3688579727200254,0.37031243205436215,0.37200600305480236,0.3702085386949856,0.37003159405864383,0.37028330811656385,0.001006882066576674,120,0.5755030832196684,0.5757875496939909,0.5782735143659381,0.57388680751513,0.5775964715127784,0.5762094852615012,0.0015656188799652584,126
43,155.15856103897096,6.460501919830295,2.668143892288208,0.2450852390757949,balanced,50,160,"{'class_weight': 'balanced', 'max_depth': 50, 'n_estimators': 160}",0.6098277721980434,0.6095673845924934,0.6117248818956218,0.6062939404084365,0.610780447883342,0.6096388853955874,0.0018376068060199904,104,0.3698255896293445,0.3705369022253884,0.3730939356893563,0.3706006848339802,0.37057923056910996,0.3709272685894359,0.0011214558541543368,83,0.5761384937358048,0.5764425668671838,0.5794556912305344,0.5739338460876918,0.5779682098059774,0.5767877615454384,0.0018545537681562462,103
44,168.72713465690612,2.8024226535836037,3.7333577632904054,0.8959881762555073,balanced,50,180,"{'class_weight': 'balanced', 'max_depth': 50, 'n_estimators': 180}",0.6098277721980434,0.6091582040694863,0.6114272960607076,0.6065915262433508,0.6110036455620862,0.6096016888267349,0.0017092217913208356,105,0.36933108572001977,0.3702256862616226,0.3728481247814759,0.37052246814608203,0.370858427745694,0.3707571585309789,0.001162206636238245,95,0.575920387293177,0.5759681004102373,0.5788685050416191,0.574080760641889,0.5780332681203907,0.5765742043014626,0.001697338092705039,114
45,22.6541738986969,2.812300233538007,0.30630836486816404,0.16894170288309868,balanced,60,20,"{'class_weight': 'balanced', 'max_depth': 60, 'n_estimators': 20}",0.5981475281776587,0.5963992113975375,0.5997842502696872,0.5979615370308373,0.5999925600773752,0.5984570173906192,0.0013187333561535852,162,0.362006421777204,0.3602645639011239,0.3636370037426681,0.36510587011214346,0.3630167018810103,0.36280611228282994,0.0016200362805643329,162,0.5658109914989945,0.5644685679473613,0.5686576588865327,0.5666346323171253,0.5683847202437066,0.5667913141787441,0.001574986810976173,162
46,44.67993197441101,3.3010042132855917,0.912292766571045,0.42187715911194806,balanced,60,40,"{'class_weight': 'balanced', 'max_depth': 60, 'n_estimators': 40}",0.6056615705092437,0.6045456236283153,0.6062567421790723,0.6003422237101514,0.602819730674801,0.6039251781403168,0.002139896187992319,149,0.36745852814383145,0.36676504462424997,0.36932048991233224,0.36740470397182146,0.36490807828968064,0.36717136898838315,0.0014172657207828928,149,0.5728675915385,0.5722485284414814,0.5748619892251599,0.5689464803894687,0.5710014160495526,0.5719852011288324,0.001965986809410696,150
47,54.10676965713501,0.49258271013877175,0.8732995986938477,0.1298817799980782,balanced,60,60,"{'class_weight': 'balanced', 'max_depth': 60, 'n_estimators': 60}",0.6081910501060149,0.605959156344158,0.6090838076107578,0.6024997210132798,0.6064280931478313,0.6064323656444084,0.0022721247600970434,131,0.36870376369996444,0.36811887010489946,0.37020950266044245,0.3671438617811601,0.36678111508568173,0.3681914226664297,0.0012187497980902032,143,0.5746171317635819,0.5733207543146391,0.5770129778117546,0.5704084482165631,0.5738506772524978,0.5738419978718073,0.0021315243250918828,139
48,67.41006698608399,1.1150606352331696,1.1630443572998046,0.08115027775746986,balanced,60,80,"{'class_weight': 'balanced', 'max_depth': 60, 'n_estimators': 80}",0.6085630323996578,0.6075586802068221,0.6102369527210505,0.6027601086188298,0.6094412618108772,0.6077120071514475,0.002631908965332891,128,0.3685495524001126,0.3695360936840063,0.3722251868891113,0.36716646629196087,0.36958850820593886,0.36941316149422604,0.001658119755228142,132,0.5749082200331692,0.5746525317493336,0.5783286718038356,0.5707925397516762,0.5769306159497011,0.5751225158575431,0.0025520251854125714,137
49,83.79523854255676,1.694579353884746,1.5158073902130127,0.11509564149809752,balanced,60,100,"{'class_weight': 'balanced', 'max_depth': 60, 'n_estimators': 100}",0.6091582040694863,0.6081910501060149,0.6104601420972362,0.6048804076925939,0.61085484710959,0.6087089302149842,0.0021353844563989166,121,0.3684168572304399,0.36935467913217745,0.3726652001506672,0.36961446799217723,0.37024130167028896,0.37005850123515016,0.001429392972344814,124,0.5752066381879452,0.5749205284936354,0.5784580895667969,0.5730278460878967,0.5779668741008598,0.5759159952874268,0.0020250380077157654,131
50,99.13323540687561,0.8724593456794415,1.821338701248169,0.10990349308673995,balanced,60,120,"{'class_weight': 'balanced', 'max_depth': 60, 'n_estimators': 120}",0.6095301863631292,0.6087118253171149,0.611762080124986,0.6054011829036938,0.6111152444014583,0.6093041038220763,0.002234125177419809,111,0.368453090004181,0.3694341909643971,0.3729296924363957,0.36983561053975084,0.3711381499523768,0.3703581467794203,0.0015477229598671253,116,0.575446558699189,0.57542761615994,0.5792421555152184,0.5732361076643939,0.5783152862288267,0.5763335448535136,0.0021720443474457724,123
51,118.1634365081787,3.1296141314602814,2.1283679962158204,0.111099433839882,balanced,60,140,"{'class_weight': 'balanced', 'max_depth': 60, 'n_estimators': 140}",0.6097533757393148,0.6097161775099506,0.6119852695011717,0.6066287244727151,0.6111524440145822,0.6098471982475469,0.001825352444540604,97,0.3687333645246263,0.37133922379349515,0.37276854916793534,0.37005250193294115,0.3709677119924831,0.3707722702822962,0.0013431281622081355,94,0.5754741919221423,0.5765563787582056,0.5793071963371035,0.5742499656730587,0.5779866030909616,0.5767148671562944,0.0017876026292340543,107
52,130.17184739112855,2.000578293245905,2.370758628845215,0.12793047782230338,balanced,60,160,"{'class_weight': 'balanced', 'max_depth': 60, 'n_estimators': 160}",0.6096045828218577,0.6100881598035933,0.6118736748130789,0.6063683368671651,0.6112268432408303,0.609832319509305,0.0019093622974213516,98,0.36886504063111636,0.3711023414771089,0.3733152049253189,0.3704910507386626,0.370607004501068,0.370876128454655,0.001432860994305278,88,0.5755121025966422,0.5767065833856404,0.5795403558261523,0.574100069227935,0.5779882078737639,0.5767694637820268,0.001890701365182688,105
53,141.87470440864564,4.286293588651847,2.7971003532409666,0.16462590026497248,balanced,60,180,"{'class_weight': 'balanced', 'max_depth': 60, 'n_estimators': 180}",0.6097161775099506,0.6104601420972362,0.6121712606479932,0.6065171297846222,0.6109292463358381,0.6099587912751281,0.0018969476351147331,90,0.3688287461830874,0.37162996839898066,0.37305669006239434,0.37001023585785864,0.3699228302476398,0.3706896941499922,0.0014832165360220678,98,0.5756195594691486,0.5773582335927444,0.5794890503036347,0.5738503130430028,0.5775512649428299,0.5767736842702721,0.001907754999829495,104
54,20.135074424743653,1.2123301407203952,0.23975110054016113,0.05910459440561764,balanced,70,20,"{'class_weight': 'balanced', 'max_depth': 70, 'n_estimators': 20}",0.5981475281776587,0.5969571848380018,0.5997842502696872,0.5979615370308373,0.5999925600773752,0.598568612078712,0.0011530788031904637,159,0.362006421777204,0.36069954905104085,0.3636370037426681,0.36510587011214346,0.3630167018810103,0.3628931093128133,0.0014874734154644203,159,0.5658109914989945,0.5648119345717738,0.5686576588865327,0.5666346323171253,0.5683847202437066,0.5668599875036266,0.0014766266094771157,159
55,30.535121631622314,0.5854486395951076,0.41253232955932617,0.07893509609779356,balanced,70,40,"{'class_weight': 'balanced', 'max_depth': 70, 'n_estimators': 40}",0.606740319160808,0.6040992448759439,0.6063311386378009,0.6000818361046014,0.602819730674801,0.604014453890791,0.002437105061894381,145,0.36872521610616926,0.3665569038818848,0.3692549708599384,0.36701283441301574,0.36490807828968064,0.3672916007101377,0.0015626096541071731,146,0.5740244890810984,0.5719946653629512,0.5749455307429826,0.5686357795767643,0.5710014160495526,0.5721203761626698,0.0022368474563638353,147
56,47.28923325538635,0.6747240409269042,0.818882942199707,0.08451974686530911,balanced,70,60,"{'class_weight': 'balanced', 'max_depth': 70, 'n_estimators': 60}",0.6090094111520291,0.6062567421790723,0.6082282483353793,0.6014953688204442,0.6064280931478313,0.6062835727269513,0.002613827118318505,132,0.36990641060085133,0.36821326295562573,0.37071347955455713,0.3663719175339886,0.36678111508568173,0.3683972371461409,0.0016964787036326519,139,0.5757499067037575,0.5735451758701926,0.5762128731058983,0.5693821259994969,0.5738506772524978,0.5737481517863687,0.0024164339758253697,141
57,62.58644003868103,1.0807613847204112,1.0839745998382568,0.12973989111247197,balanced,70,80,"{'class_weight': 'balanced', 'max_depth': 70, 'n_estimators': 80}",0.6093069969869435,0.6075958784361865,0.6090094111520291,0.6034668749767511,0.6094412618108772,0.6077640846725575,0.0022467151181823587,125,0.3688575456973814,0.3697506833753693,0.3713215454806557,0.36788757764003727,0.36958850820593886,0.3694811720798765,0.0011313341451827926,129,0.5756882956601381,0.5748045585780724,0.5772155433846443,0.5716109466339069,0.5769306159497011,0.5752499920412926,0.0020159891524673635,134
58,78.25404686927796,1.2816421677199874,1.591732931137085,0.10973438052797377,balanced,70,100,"{'class_weight': 'balanced', 'max_depth': 70, 'n_estimators': 100}",0.6100881598035933,0.6082282483353793,0.6102369527210505,0.6046572183164082,0.61085484710959,0.6088130852572042,0.0022554498163354715,118,0.3691119786872706,0.36978914007726155,0.37232154251267524,0.3694229202066003,0.37024130167028896,0.37017737663081934,0.0011363572180672636,121,0.5761719557792521,0.5752578673905718,0.5780832243020462,0.5728078002292627,0.5779668741008598,0.5760575443603985,0.0019474254507164332,128
59,97.79647049903869,2.242952934646965,1.9633575439453126,0.14513453541781277,balanced,70,120,"{'class_weight': 'balanced', 'max_depth': 70, 'n_estimators': 120}",0.6100137633448648,0.6092326005282148,0.6115388907488004,0.6048432094632296,0.6111152444014583,0.6093487416973137,0.0023946961371631528,108,0.36923636360278633,0.37030002231699305,0.37227583285152066,0.36951707481412277,0.3711381499523768,0.37049348870755994,0.0011102716453830644,112,0.5761005155218412,0.5759609198372095,0.5789586445465041,0.5727647161962356,0.5783152862288267,0.5764200164661235,0.0021776478427438218,120
60,117.00632600784301,2.293702912855955,2.1441983699798586,0.15891794347761853,balanced,70,140,"{'class_weight': 'balanced', 'max_depth': 70, 'n_estimators': 140}",0.6102741509504147,0.6095301863631292,0.6113528996019789,0.6070007067663579,0.6113384420802024,0.6098992771524167,0.0016039128762709788,91,0.36978939423506874,0.3708455138958063,0.3722765027218377,0.3706471541468193,0.3711844666749479,0.370948606334896,0.0008079867671616759,78,0.5762240783725586,0.5762377839532405,0.5786732892162435,0.5746305586780993,0.578238503247118,0.576800842693452,0.0014786986699365583,100
61,126.22787389755248,1.6805081345450905,2.5938594341278076,0.24308339483825422,balanced,70,160,"{'class_weight': 'balanced', 'max_depth': 70, 'n_estimators': 160}",0.6096045828218577,0.6098277721980434,0.611762080124986,0.6065171297846222,0.610780447883342,0.6096984025625704,0.0017649715177228806,101,0.3690583597821769,0.3707634613814187,0.37298543144465307,0.3703348614571114,0.3700114983413857,0.3706307224813491,0.0013042676609024914,101,0.5755417262673039,0.5764034560655752,0.5792559987008186,0.5740640582023062,0.5774922255077709,0.576551492948755,0.0017565992370559965,117
62,144.48949365615846,1.8829018432061784,2.9700273513793944,0.14029394767334835,balanced,70,180,"{'class_weight': 'balanced', 'max_depth': 70, 'n_estimators': 180}",0.6096789792805862,0.6097161775099506,0.6123944500241788,0.6064055350965294,0.6111896436277062,0.6098769571077902,0.0020088171924318035,94,0.3689350797907688,0.370725486107769,0.3732226706851402,0.369736127290447,0.37017365335698915,0.3705586034462229,0.0014550317339520258,106,0.5755545607846401,0.5765411903750146,0.5796214088596227,0.5737388156654919,0.577837181435827,0.5766586314241191,0.0019962524241051174,109
63,19.62089600563049,0.8756836264862293,0.24761538505554198,0.050756063068044865,balanced,80,20,"{'class_weight': 'balanced', 'max_depth': 80, 'n_estimators': 20}",0.5981475281776587,0.5969571848380018,0.5997842502696872,0.5979615370308373,0.5999925600773752,0.598568612078712,0.0011530788031904637,159,0.362006421777204,0.36069954905104085,0.3636370037426681,0.36510587011214346,0.3630167018810103,0.3628931093128133,0.0014874734154644203,159,0.5658109914989945,0.5648119345717738,0.5686576588865327,0.5666346323171253,0.5683847202437066,0.5668599875036266,0.0014766266094771157,159
64,34.34042639732361,0.84994792541994,0.5246793270111084,0.07415709182919437,balanced,80,40,"{'class_weight': 'balanced', 'max_depth': 80, 'n_estimators': 40}",0.606740319160808,0.6040992448759439,0.6063311386378009,0.6000818361046014,0.602819730674801,0.604014453890791,0.002437105061894381,145,0.36872521610616926,0.3665569038818848,0.3692549708599384,0.36701283441301574,0.36490807828968064,0.3672916007101377,0.0015626096541071731,146,0.5740244890810984,0.5719946653629512,0.5749455307429826,0.5686357795767643,0.5710014160495526,0.5721203761626698,0.0022368474563638353,147
65,48.928821849822995,1.4361630155990408,0.7165038585662842,0.012628850877975963,balanced,80,60,"{'class_weight': 'balanced', 'max_depth': 80, 'n_estimators': 60}",0.6090094111520291,0.6062567421790723,0.6082282483353793,0.6014953688204442,0.6064280931478313,0.6062835727269513,0.002613827118318505,132,0.36990641060085133,0.36821326295562573,0.37071347955455713,0.3663719175339886,0.36678111508568173,0.3683972371461409,0.0016964787036326519,139,0.5757499067037575,0.5735451758701926,0.5762128731058983,0.5693821259994969,0.5738506772524978,0.5737481517863687,0.0024164339758253697,141
66,58.46297497749329,0.6799748444826327,1.1406455039978027,0.12061039864931185,balanced,80,80,"{'class_weight': 'balanced', 'max_depth': 80, 'n_estimators': 80}",0.6093069969869435,0.6075958784361865,0.6090094111520291,0.6034668749767511,0.6094412618108772,0.6077640846725575,0.0022467151181823587,125,0.3688575456973814,0.3697506833753693,0.3713215454806557,0.36788757764003727,0.36958850820593886,0.3694811720798765,0.0011313341451827926,129,0.5756882956601381,0.5748045585780724,0.5772155433846443,0.5716109466339069,0.5769306159497011,0.5752499920412926,0.0020159891524673635,134
67,80.30191917419434,1.9210064697940161,1.486126708984375,0.13976387844469965,balanced,80,100,"{'class_weight': 'balanced', 'max_depth': 80, 'n_estimators': 100}",0.6100881598035933,0.6082282483353793,0.6102369527210505,0.6046572183164082,0.61085484710959,0.6088130852572042,0.0022554498163354715,118,0.3691119786872706,0.36978914007726155,0.37232154251267524,0.3694229202066003,0.37024130167028896,0.37017737663081934,0.0011363572180672636,121,0.5761719557792521,0.5752578673905718,0.5780832243020462,0.5728078002292627,0.5779668741008598,0.5760575443603985,0.0019474254507164332,128
68,99.10158476829528,1.1476440065357314,1.8075222015380858,0.215460762548413,balanced,80,120,"{'class_weight': 'balanced', 'max_depth': 80, 'n_estimators': 120}",0.6100137633448648,0.6092326005282148,0.6115388907488004,0.6048432094632296,0.6111152444014583,0.6093487416973137,0.0023946961371631528,108,0.36923636360278633,0.37030002231699305,0.37227583285152066,0.36951707481412277,0.3711381499523768,0.37049348870755994,0.0011102716453830644,112,0.5761005155218412,0.5759609198372095,0.5789586445465041,0.5727647161962356,0.5783152862288267,0.5764200164661235,0.0021776478427438218,120
69,112.02637691497803,1.6148586565750505,2.0365581035614015,0.08483304209324671,balanced,80,140,"{'class_weight': 'balanced', 'max_depth': 80, 'n_estimators': 140}",0.6102741509504147,0.6095301863631292,0.6113528996019789,0.6070007067663579,0.6113384420802024,0.6098992771524167,0.0016039128762709788,91,0.36978939423506874,0.3708455138958063,0.3722765027218377,0.3706471541468193,0.3711844666749479,0.370948606334896,0.0008079867671616759,78,0.5762240783725586,0.5762377839532405,0.5786732892162435,0.5746305586780993,0.578238503247118,0.576800842693452,0.0014786986699365583,100
70,126.91292238235474,2.166428699307936,2.5023526668548586,0.16441633651521403,balanced,80,160,"{'class_weight': 'balanced', 'max_depth': 80, 'n_estimators': 160}",0.6096045828218577,0.6098277721980434,0.611762080124986,0.6065171297846222,0.610780447883342,0.6096984025625704,0.0017649715177228806,101,0.3690583597821769,0.3707634613814187,0.37298543144465307,0.3703348614571114,0.3700114983413857,0.3706307224813491,0.0013042676609024914,101,0.5755417262673039,0.5764034560655752,0.5792559987008186,0.5740640582023062,0.5774922255077709,0.576551492948755,0.0017565992370559965,117
71,146.84750423431396,1.7190659485398483,2.6739874362945555,0.23214471549026036,balanced,80,180,"{'class_weight': 'balanced', 'max_depth': 80, 'n_estimators': 180}",0.6096789792805862,0.6097161775099506,0.6123944500241788,0.6064055350965294,0.6111896436277062,0.6098769571077902,0.0020088171924318035,94,0.3689350797907688,0.370725486107769,0.3732226706851402,0.369736127290447,0.37017365335698915,0.3705586034462229,0.0014550317339520258,106,0.5755545607846401,0.5765411903750146,0.5796214088596227,0.5737388156654919,0.577837181435827,0.5766586314241191,0.0019962524241051174,109
72,20.222524690628052,0.39442969894800683,0.23813400268554688,0.03688074080536386,balanced,90,20,"{'class_weight': 'balanced', 'max_depth': 90, 'n_estimators': 20}",0.5981475281776587,0.5969571848380018,0.5997842502696872,0.5979615370308373,0.5999925600773752,0.598568612078712,0.0011530788031904637,159,0.362006421777204,0.36069954905104085,0.3636370037426681,0.36510587011214346,0.3630167018810103,0.3628931093128133,0.0014874734154644203,159,0.5658109914989945,0.5648119345717738,0.5686576588865327,0.5666346323171253,0.5683847202437066,0.5668599875036266,0.0014766266094771157,159
73,34.16112489700318,1.6036764860998307,0.4917867183685303,0.11828444552057014,balanced,90,40,"{'class_weight': 'balanced', 'max_depth': 90, 'n_estimators': 40}",0.606740319160808,0.6040992448759439,0.6063311386378009,0.6000818361046014,0.602819730674801,0.604014453890791,0.002437105061894381,145,0.36872521610616926,0.3665569038818848,0.3692549708599384,0.36701283441301574,0.36490807828968064,0.3672916007101377,0.0015626096541071731,146,0.5740244890810984,0.5719946653629512,0.5749455307429826,0.5686357795767643,0.5710014160495526,0.5721203761626698,0.0022368474563638353,147
74,48.23060345649719,0.48956804272060533,0.6978827953338623,0.06402129641512007,balanced,90,60,"{'class_weight': 'balanced', 'max_depth': 90, 'n_estimators': 60}",0.6090094111520291,0.6062567421790723,0.6082282483353793,0.6014953688204442,0.6064280931478313,0.6062835727269513,0.002613827118318505,132,0.36990641060085133,0.36821326295562573,0.37071347955455713,0.3663719175339886,0.36678111508568173,0.3683972371461409,0.0016964787036326519,139,0.5757499067037575,0.5735451758701926,0.5762128731058983,0.5693821259994969,0.5738506772524978,0.5737481517863687,0.0024164339758253697,141
75,62.838540410995485,2.0302553689263427,1.1233404636383058,0.14565023415387823,balanced,90,80,"{'class_weight': 'balanced', 'max_depth': 90, 'n_estimators': 80}",0.6093069969869435,0.6075958784361865,0.6090094111520291,0.6034668749767511,0.6094412618108772,0.6077640846725575,0.0022467151181823587,125,0.3688575456973814,0.3697506833753693,0.3713215454806557,0.36788757764003727,0.36958850820593886,0.3694811720798765,0.0011313341451827926,129,0.5756882956601381,0.5748045585780724,0.5772155433846443,0.5716109466339069,0.5769306159497011,0.5752499920412926,0.0020159891524673635,134
76,78.53156399726868,1.4363949163764302,1.3532651901245116,0.09370472493526392,balanced,90,100,"{'class_weight': 'balanced', 'max_depth': 90, 'n_estimators': 100}",0.6100881598035933,0.6082282483353793,0.6102369527210505,0.6046572183164082,0.61085484710959,0.6088130852572042,0.0022554498163354715,118,0.3691119786872706,0.36978914007726155,0.37232154251267524,0.3694229202066003,0.37024130167028896,0.37017737663081934,0.0011363572180672636,121,0.5761719557792521,0.5752578673905718,0.5780832243020462,0.5728078002292627,0.5779668741008598,0.5760575443603985,0.0019474254507164332,128
77,94.45767607688904,1.838193979521938,1.8078813076019287,0.07758883541314836,balanced,90,120,"{'class_weight': 'balanced', 'max_depth': 90, 'n_estimators': 120}",0.6100137633448648,0.6092326005282148,0.6115388907488004,0.6048432094632296,0.6111152444014583,0.6093487416973137,0.0023946961371631528,108,0.36923636360278633,0.37030002231699305,0.37227583285152066,0.36951707481412277,0.3711381499523768,0.37049348870755994,0.0011102716453830644,112,0.5761005155218412,0.5759609198372095,0.5789586445465041,0.5727647161962356,0.5783152862288267,0.5764200164661235,0.0021776478427438218,120
78,115.5139618396759,1.3036435029080033,2.2707239151000977,0.18490834169267098,balanced,90,140,"{'class_weight': 'balanced', 'max_depth': 90, 'n_estimators': 140}",0.6102741509504147,0.6095301863631292,0.6113528996019789,0.6070007067663579,0.6113384420802024,0.6098992771524167,0.0016039128762709788,91,0.36978939423506874,0.3708455138958063,0.3722765027218377,0.3706471541468193,0.3711844666749479,0.370948606334896,0.0008079867671616759,78,0.5762240783725586,0.5762377839532405,0.5786732892162435,0.5746305586780993,0.578238503247118,0.576800842693452,0.0014786986699365583,100
79,127.81968903541565,0.9170941620398961,2.4921265125274656,0.1368825938953121,balanced,90,160,"{'class_weight': 'balanced', 'max_depth': 90, 'n_estimators': 160}",0.6096045828218577,0.6098277721980434,0.611762080124986,0.6065171297846222,0.610780447883342,0.6096984025625704,0.0017649715177228806,101,0.3690583597821769,0.3707634613814187,0.37298543144465307,0.3703348614571114,0.3700114983413857,0.3706307224813491,0.0013042676609024914,101,0.5755417262673039,0.5764034560655752,0.5792559987008186,0.5740640582023062,0.5774922255077709,0.576551492948755,0.0017565992370559965,117
80,141.42014455795288,0.7766577155353322,2.755978059768677,0.1517952488736192,balanced,90,180,"{'class_weight': 'balanced', 'max_depth': 90, 'n_estimators': 180}",0.6096789792805862,0.6097161775099506,0.6123944500241788,0.6064055350965294,0.6111896436277062,0.6098769571077902,0.0020088171924318035,94,0.3689350797907688,0.370725486107769,0.3732226706851402,0.369736127290447,0.37017365335698915,0.3705586034462229,0.0014550317339520258,106,0.5755545607846401,0.5765411903750146,0.5796214088596227,0.5737388156654919,0.577837181435827,0.5766586314241191,0.0019962524241051174,109
81,9.674048376083373,1.008305572638551,0.11786971092224122,0.03919875788096205,,10,20,"{'class_weight': None, 'max_depth': 10, 'n_estimators': 20}",0.6446081166536473,0.6417438529925975,0.6430457910203474,0.6417810512219618,0.6446320958262034,0.6431621815429515,0.001279382658824875,9,0.37694094299447956,0.3746133446352361,0.37489534922524476,0.3755060672687634,0.3777221144176014,0.375935563708265,0.001201443097736276,37,0.5935912954657627,0.5909203925264768,0.5923300732924572,0.5916625476413477,0.5948058839625276,0.5926620385777144,0.001385792585364559,34
82,16.578559398651123,0.873409261048449,0.1149470329284668,0.028955807519251198,,10,40,"{'class_weight': None, 'max_depth': 10, 'n_estimators': 40}",0.6450172971766543,0.643120187479076,0.6440501432131831,0.6426738087267047,0.64552488654118,0.6440772646273596,0.0010831150541898602,2,0.37730230819816785,0.3761944388231767,0.37602642520396024,0.3765114206314238,0.378159158909399,0.37683875035322545,0.0007925299834682847,31,0.5937873671137398,0.5925495156460562,0.5932923524483728,0.5926338342084397,0.5950388998029086,0.5934603938439034,0.0009099154262573524,27
83,25.50396099090576,0.7995014877301208,0.16189422607421874,0.067592625050191,,10,60,"{'class_weight': None, 'max_depth': 10, 'n_estimators': 60}",0.6449057024885615,0.6431573857084403,0.6442361343600045,0.6419670423687832,0.6467152741611487,0.6441963078173877,0.001606175705381502,1,0.3769187213564223,0.37647714280567246,0.37706410833198034,0.37592102941379973,0.37908254523379437,0.3770927094283339,0.0010716615816540444,28,0.593402982089984,0.5925206124518261,0.5938626462793254,0.5916818727067353,0.5963107088574795,0.59355576447707,0.0015678167954071467,26
84,30.581387186050414,0.25827191144521083,0.13394298553466796,0.0265018546034567,,10,80,"{'class_weight': None, 'max_depth': 10, 'n_estimators': 80}",0.6450544954060187,0.6425250158092475,0.6438641520663616,0.641929844139419,0.6457852838330481,0.643831758250819,0.001458578129971894,4,0.3774154314502671,0.37639846932093207,0.3768326669235257,0.37617444157203117,0.37871344183041594,0.37710689021943444,0.0009080445842984978,27,0.5937304693882208,0.5922292850036092,0.5934114395496809,0.591910790599311,0.5955371325743911,0.5933638234230425,0.0012851810019327856,28
85,40.57071928977966,0.7656298252164029,0.20558366775512696,0.02967400298194262,,10,100,"{'class_weight': None, 'max_depth': 10, 'n_estimators': 100}",0.645091693635383,0.6424878175798832,0.6437153591489045,0.642599412267976,0.645562086154304,0.6438912737572902,0.00125715259604026,3,0.3770112515897023,0.37659581191018465,0.37652754875752487,0.37613968983936963,0.37850773605979693,0.37695640763131566,0.0008234810152266993,30,0.593489469601367,0.592315752391253,0.5932052510483368,0.5921366442306517,0.5952567975743104,0.5932807829691837,0.001113034264570826,29
86,49.09891257286072,0.3179423266267605,0.24637117385864257,0.061243042938471985,,10,120,"{'class_weight': None, 'max_depth': 10, 'n_estimators': 120}",0.6446453148830116,0.6425250158092475,0.6431573857084403,0.6426738087267047,0.6451900900230637,0.6436383230300935,0.0010791714330080956,5,0.3770975331172929,0.376725856770921,0.3758369464429967,0.3761433150292771,0.3782709013557945,0.37681491054325644,0.0008503140191377988,32,0.5932379157781202,0.592437695397431,0.5924236723790693,0.5922496852829358,0.5949686115577659,0.5930635160790645,0.001012242667418307,31
87,57.95475182533264,0.3613747732657008,0.19099841117858887,0.0336729317896153,,10,140,"{'class_weight': None, 'max_depth': 10, 'n_estimators': 140}",0.6437153591489045,0.6420414388275119,0.6433061786258975,0.6420786370568761,0.6454504873149319,0.6433184201948243,0.0012546843615446938,8,0.37653724181123394,0.3766156911621237,0.3761730705139078,0.37608794588609296,0.37857070667753495,0.3767969312101787,0.0009097723127968606,33,0.5924232238668319,0.5921010728477298,0.5927634060488639,0.5918473174473444,0.5952268474844357,0.5928723735390411,0.0012167827783992257,32
88,65.79641456604004,0.19568023214884905,0.25584635734558103,0.060661061297164365,,10,160,"{'class_weight': None, 'max_depth': 10, 'n_estimators': 160}",0.6440873414425473,0.642450619350519,0.6433061786258975,0.6420414388275119,0.6454876869280559,0.6434746530349063,0.001229538459533078,6,0.37671202223105693,0.37694339907527774,0.3764083816464307,0.3760826169451038,0.37877317828811397,0.3769839196371966,0.0009402773162078186,29,0.5927990864122995,0.5924489407624741,0.5929825837636222,0.5917715923239343,0.5953660452902607,0.5930736497105181,0.001218554078665358,30
89,73.37148308753967,0.5987513165605529,0.4121595859527588,0.1261591108789759,,10,180,"{'class_weight': None, 'max_depth': 10, 'n_estimators': 180}",0.6439385485250902,0.6425250158092475,0.6430457910203474,0.6415950600751404,0.645599285767428,0.6433407402394508,0.0013607500337881118,7,0.3766901322783562,0.3767994376735693,0.376155920143742,0.37571310746420067,0.3785637290418651,0.37678446532034665,0.0009713680023392279,34,0.5926629475120908,0.5923317842895746,0.5926596153061541,0.5913201533699557,0.595278889297112,0.5928506779549775,0.0013099400076632618,33
90,16.448062086105345,0.5135504501260169,0.11644277572631836,0.04915317764942203,,20,20,"{'class_weight': None, 'max_depth': 20, 'n_estimators': 20}",0.6340810177435554,0.6293568426142916,0.6321467098166127,0.6317375292936056,0.6322446246559036,0.6319133448247938,0.0015119276491915154,18,0.3763497986096934,0.3736050947815481,0.3753319893424169,0.3752120469205571,0.3748515911919542,0.375070104169234,0.0008854772585195538,42,0.5931707100613852,0.5888577834647071,0.5914742408523546,0.590968973318869,0.591293763685446,0.5911530942765524,0.0013781181887622537,36
91,27.982329177856446,0.10026482249348485,0.15513920783996582,0.028663069881537214,,20,40,"{'class_weight': None, 'max_depth': 20, 'n_estimators': 40}",0.6376520477625265,0.6350481717070268,0.6388795893315479,0.6363501097347766,0.6354437913845696,0.6366747419840895,0.001420058784144992,17,0.37988506378819215,0.3771172678066431,0.3798619197799344,0.3788659592213458,0.3760505428726701,0.37835615069375717,0.001530717397736483,26,0.5959333095784428,0.5937933116151912,0.5972064711138204,0.5945592721211501,0.5931516382975615,0.5949288005452331,0.001468401419082058,24
92,43.54721207618714,0.45398112049455497,0.2772944927215576,0.0630977766469501,,20,60,"{'class_weight': None, 'max_depth': 20, 'n_estimators': 60}",0.6383216158910836,0.636796488487148,0.6407395007997619,0.6378380389093479,0.6381221635294992,0.638363561523368,0.001299000522811083,16,0.3795861216635884,0.3770874271674487,0.38154843874553634,0.378615246450391,0.37761870524867797,0.37889118785512854,0.0015806848866045773,25,0.5954786440915414,0.5944298137076298,0.5986248078867495,0.594799878912408,0.5951359342951241,0.5956938157786906,0.001506324646197214,21
93,55.185714197158816,0.3285952511580502,0.40847020149230956,0.07971843648450656,,20,80,"{'class_weight': None, 'max_depth': 20, 'n_estimators': 80}",0.6409254919465833,0.6370196778633337,0.6407395007997619,0.6385448052672693,0.639349750762592,0.6393158453279082,0.0014481570714900385,15,0.38251283275619585,0.3774117688785533,0.38071694976010295,0.3796308499091098,0.3783624899126322,0.37972697824331886,0.001787304810874563,21,0.5979669267078666,0.5942628836745655,0.5979115514681294,0.5953960339056305,0.5958990102863863,0.5962872812085156,0.0014493256583039027,12
94,72.41031255722046,0.34728987349977664,0.5032341957092286,0.0307217203118169,,20,100,"{'class_weight': None, 'max_depth': 20, 'n_estimators': 100}",0.6410370866346762,0.6369452814046052,0.6415950600751404,0.6390283822490049,0.6400565434119485,0.6397324707550751,0.0016456275250016298,13,0.38216230091085185,0.37690182342166156,0.38111589720050343,0.37977694734962386,0.3788118008251138,0.37975375394155086,0.001826354514285684,20,0.5976408204889334,0.5938729028175067,0.5983910893243923,0.5955120730506687,0.596339132404497,0.5963512036171996,0.0015918860543324548,10
95,78.83503694534302,2.0281039548459936,0.7715460777282714,0.1321546890447876,,20,120,"{'class_weight': None, 'max_depth': 20, 'n_estimators': 120}",0.6397351486069263,0.6376892459918908,0.6411858795521334,0.6393631663132835,0.6400565434119485,0.6396059967752364,0.001135658597900379,14,0.37978877664215294,0.3779667640591397,0.3811616789363202,0.3797639379769248,0.3791494293345974,0.379566117389827,0.0010359620444519578,23,0.5958124280982039,0.5946488431216755,0.5980286082049565,0.5957146377541436,0.5963196501632047,0.5961048334684367,0.0011049630704307082,17
96,93.14050221443176,2.1010974938448665,0.9723493576049804,0.09158637713079273,,20,140,"{'class_weight': None, 'max_depth': 20, 'n_estimators': 140}",0.6396607521481977,0.6381728229736264,0.6419670423687832,0.638767994643455,0.6408377352875531,0.6398812694843231,0.001376377390474771,12,0.37961581160316243,0.37832935347401137,0.3815694857609209,0.3787985192995643,0.379499436841812,0.37956252139589425,0.0011080729034137462,24,0.5956152441000871,0.5949822900402323,0.5984868502392198,0.5947096328016608,0.5969351288919152,0.596145829214623,0.0014000983914634099,16
97,108.2577609539032,1.8443806201433917,1.1163541793823242,0.08170303686831584,,20,160,"{'class_weight': None, 'max_depth': 20, 'n_estimators': 160}",0.6397723468362906,0.6379496335974407,0.6426366104973403,0.6390655804783693,0.640726136448181,0.6400300615715244,0.0015876673931113515,11,0.3793067021023785,0.3772320793752245,0.38214868001781227,0.3797207253209677,0.3795095935811208,0.37958355607950073,0.001562705185649056,22,0.5955791377618382,0.5943706352475637,0.5990796173554889,0.5953427904394805,0.5968116188966016,0.5962367599401946,0.0016202697842998177,14
98,124.1628155708313,0.7101312365496736,1.223021650314331,0.07371940472197673,,20,180,"{'class_weight': None, 'max_depth': 20, 'n_estimators': 180}",0.6403303202767548,0.637986831826805,0.6426738087267047,0.6395863556894692,0.6406517372219329,0.6402458107483333,0.0015234801664550047,10,0.37982179502362373,0.37731232815612925,0.38210769830981633,0.3795171485256369,0.38006904425514226,0.37976560285406974,0.0015271497414795256,19,0.5960412341422656,0.5942285714113915,0.5990139451093169,0.5956451149104205,0.5969890766368714,0.5963835884420532,0.001586949285707015,9
99,19.79964017868042,0.5636635157231538,0.14682378768920898,0.025211900253716054,,30,20,"{'class_weight': None, 'max_depth': 30, 'n_estimators': 20}",0.6153331101439572,0.6123200535654503,0.6177881932819997,0.612803630547186,0.6164347890781936,0.6149359553233573,0.002094241958656079,39,0.36942522825608676,0.36805174149547487,0.372923085864085,0.37191355745109794,0.3692461087353116,0.3703119443604112,0.0018118505713514692,119,0.5797348787988367,0.5776106631539457,0.583493843117751,0.5784503400210311,0.5812265453831811,0.5801032540949491,0.0020899144543964805,56
100,33.57671041488648,0.13157424216767236,0.41475954055786135,0.04892073354940566,,30,40,"{'class_weight': None, 'max_depth': 30, 'n_estimators': 40}",0.621508016218428,0.6198340958970353,0.6233679276866421,0.6193133206859354,0.6222007291124172,0.6212448179200916,0.0014974279832146657,34,0.37310288345845694,0.37335357717929346,0.37610151222226723,0.3754929098933696,0.37309005766718706,0.37422818808411484,0.0012988810694351312,50,0.5844064001254949,0.5840719372856459,0.5878843392403937,0.5839782225910296,0.5855737901287795,0.5851829378742688,0.0014655379164401812,44
101,47.674465084075926,0.5382730922125882,0.6073697566986084,0.05822229014933934,,30,60,"{'class_weight': None, 'max_depth': 30, 'n_estimators': 60}",0.6226983595580851,0.6213964215303351,0.6254138303016776,0.6218056020533422,0.6231307194405178,0.6228889865767915,0.0014050680920379454,33,0.3722422288815165,0.37483344084947545,0.37521045093886124,0.3768728213300303,0.37411888982398284,0.37465556636477326,0.0015078445093147264,46,0.5848044176604374,0.5853539119624296,0.5886318919592387,0.5853191508939064,0.5862129013336518,0.5860644547619328,0.0013610152511659014,42
102,64.87228016853332,1.8274851466305042,0.875990343093872,0.10347928869423782,,30,80,"{'class_weight': None, 'max_depth': 30, 'n_estimators': 80}",0.6235911170628278,0.6217312055946137,0.6256370196778633,0.6215824126771565,0.6235771147980061,0.6232237739620936,0.001483601886218352,32,0.3730659204052694,0.37379380450493027,0.37593101345997193,0.3755315671068516,0.37462504219351284,0.3745894695341072,0.0010623406367385262,47,0.5854966464667694,0.5847396756050439,0.588699055578613,0.5845435871810973,0.5864732140195367,0.5859904357702119,0.0015146812081274473,43
103,85.22492337226868,0.4022495801446969,1.1420965671539307,0.06773865986543909,,30,100,"{'class_weight': None, 'max_depth': 30, 'n_estimators': 100}",0.6248558568612134,0.6225867648699922,0.6260090019715061,0.6226983595580851,0.6252510973885872,0.6242802161298767,0.0013880000388783987,31,0.37418222961488923,0.3737858253228218,0.3755977211777292,0.37611584519815955,0.37589426158449724,0.37511517657961946,0.0009464380826097552,40,0.5866501336174996,0.5852434744788234,0.5885510191624511,0.5856670060908195,0.5876616761963352,0.5867546619091857,0.0012269623540375157,41
104,99.21889600753784,1.51523632540692,1.4210717678070068,0.12526032340000273,,30,120,"{'class_weight': None, 'max_depth': 30, 'n_estimators': 120}",0.6253766320723133,0.6233307294572779,0.6262693895770561,0.6234051259160064,0.6261810877166878,0.6249125929478684,0.001299234954542644,30,0.3749568149387701,0.37417334879030395,0.37591397448789043,0.3774478821182019,0.37652209480186755,0.37580282302740675,0.001149507887779099,39,0.5870198511434177,0.5857933422593057,0.5888835144467667,0.5867423370060695,0.5884164334449536,0.5873710956601026,0.001130323636835107,40
105,107.81693053245544,2.772863073498914,1.6146400928497315,0.14072208835263292,,30,140,"{'class_weight': None, 'max_depth': 30, 'n_estimators': 140}",0.6252650373842205,0.6240746940445635,0.6274225346873489,0.6229215489342708,0.6273714753366565,0.625411058077412,0.0017829257206951655,28,0.374585141796865,0.3756005225767919,0.37747370387419876,0.3768666258963984,0.3777227451673217,0.37644974786231516,0.001186653674246473,36,0.5865880370200279,0.5864737292581573,0.5903182562868625,0.5861961113023418,0.5895433721572403,0.587823901204926,0.0017423209903427652,38
106,123.42759380340576,2.401544531435346,2.0387903690338134,0.13017217667318212,,30,160,"{'class_weight': None, 'max_depth': 30, 'n_estimators': 160}",0.6260090019715061,0.6234051259160064,0.628092102815906,0.6231447383104565,0.6264414850085559,0.6254184908044861,0.0018850469673625302,27,0.37493364200955087,0.37410382263528114,0.3778512953262346,0.37687355462872507,0.37576544199136336,0.375905551318231,0.0013366685998068585,38,0.5873124176046889,0.5855122707199177,0.5909074645203929,0.5862569483656741,0.5882496691063912,0.5876477540634129,0.0018759048015326261,39
107,147.20094270706176,1.9332188426666808,2.0539153099060057,0.19094671990865728,,30,180,"{'class_weight': None, 'max_depth': 30, 'n_estimators': 180}",0.6266785701000632,0.6231447383104565,0.6286872744857345,0.6244094781088421,0.6276690722416487,0.626117826649349,0.0020533176712708157,26,0.3758808288319454,0.37423008796620005,0.37860233132535914,0.37716439685135394,0.3767038529357466,0.3765162995821211,0.0014448059656397587,35,0.5881000050547183,0.5852061383008995,0.591402644767346,0.5871648392445088,0.5893848639353984,0.5882516982605742,0.0020828940036697304,37
108,20.987273597717284,0.3807435414543905,0.22413101196289062,0.030054039192567186,,40,20,"{'class_weight': None, 'max_depth': 40, 'n_estimators': 20}",0.6035040732061154,0.6030204962243797,0.6064055350965294,0.6032808838299297,0.6058328993378469,0.6044087775389602,0.0014165537616995655,144,0.3639671727315851,0.3644575216534026,0.3680600172307426,0.36778772187496156,0.3634840416663613,0.36555129503141065,0.0019633956421734153,151,0.5709260399228463,0.5705558461522239,0.5752601128641935,0.5713492358727462,0.5730930713009983,0.5722368612226016,0.0017438514326152627,146
109,35.15568737983703,0.5697917701000883,0.45935673713684083,0.027168890447070198,,40,40,"{'class_weight': None, 'max_depth': 40, 'n_estimators': 40}",0.6098277721980434,0.6119852695011717,0.612022467730536,0.609121005840122,0.6105200505914739,0.6106953131722694,0.001156470011910756,86,0.36873699334484383,0.37210460264775275,0.3716894928505457,0.371027723288084,0.3661512633319732,0.3699420150926399,0.0022240099845647378,126,0.5764764146697205,0.5789462275208569,0.5799114797001138,0.5765143386961878,0.5767606820167119,0.5777218285207182,0.0014301479040808207,96
110,46.13511576652527,0.9726719121156734,0.528498649597168,0.05269640269727058,,40,60,"{'class_weight': None, 'max_depth': 40, 'n_estimators': 60}",0.6131012163821002,0.6147751367034929,0.6155562995201428,0.6109065208496075,0.6122312327951789,0.6133140812501046,0.001683831649469513,53,0.3701242002592052,0.37299914421674946,0.3743422136667357,0.3733251364393374,0.36764654765096594,0.3716874484465988,0.002458575614642569,55,0.5791121850079735,0.5808238423958527,0.5831706806225299,0.5783452799077087,0.5781954530662553,0.5799294882000641,0.0018702821184851596,59
111,67.35051283836364,2.9922509669633124,0.9834103107452392,0.11776430370983056,,40,80,"{'class_weight': None, 'max_depth': 40, 'n_estimators': 80}",0.6141055685749358,0.6152959119145929,0.6150727225384072,0.6103857456385076,0.6129752250576594,0.6135670347448207,0.0017898027695731026,50,0.37099564943331054,0.37376082037787556,0.37229983230701796,0.37208010626338905,0.3679101301141578,0.3714093076991502,0.001958977978509192,65,0.5799689591054369,0.5812329433354322,0.581850173329526,0.5774964692333722,0.5785058626968193,0.5798108815401173,0.0016288362579263626,61
112,82.56534633636474,3.2548905390663307,1.2243423938751221,0.1515854564077911,,40,100,"{'class_weight': None, 'max_depth': 40, 'n_estimators': 100}",0.6130268199233716,0.6152959119145929,0.6156678942082356,0.6113900978313432,0.6137564169332639,0.6138274281621614,0.0015575849951820413,48,0.36924745403702236,0.37425706213403387,0.37264066849496136,0.3726679333216589,0.36934503807008107,0.3716316312115515,0.001994882193294438,60,0.5785041886765444,0.5815137934613706,0.5823254543980645,0.5785295832737499,0.5795208572135043,0.5800787754046467,0.0015682752088421366,57
113,98.9614529132843,2.9329216969175262,1.4897184371948242,0.09561957889372766,,40,120,"{'class_weight': None, 'max_depth': 40, 'n_estimators': 120}",0.6144775508685787,0.6158166871256928,0.6163746605661571,0.6111669084551575,0.613830816159512,0.6143333246350197,0.0018257559563635629,45,0.3710805807857497,0.3726421882135939,0.3727965053689348,0.37235602789939,0.3697521311285895,0.37172548667925154,0.0011571551933783385,54,0.5798709811411935,0.5813434612274129,0.5827864280352996,0.5782416094595197,0.5795680904983844,0.580362114072362,0.0015625981719441524,53
114,118.38365845680237,2.4174411609691417,1.9432968139648437,0.19955569951553925,,40,140,"{'class_weight': None, 'max_depth': 40, 'n_estimators': 140}",0.6143659561804858,0.6154819030614143,0.6164862552542499,0.6112413049138861,0.6149096049401086,0.6144970048700289,0.0017728020938506865,43,0.37068281423227195,0.3721433631991894,0.3723301765183607,0.37220045872846497,0.37098010318667524,0.37166738317299247,0.0006916287053714421,57,0.5795903752707798,0.5807425384538647,0.5826511162661127,0.5777800473750887,0.5805668483869151,0.5802661851505522,0.00159014510717921,55
115,131.32398619651795,1.6901273788138313,2.1844499588012694,0.1738811471974169,,40,160,"{'class_weight': None, 'max_depth': 40, 'n_estimators': 160}",0.6155562995201428,0.6147007402447644,0.6170814269240784,0.6124316482535431,0.6157651960419611,0.615107062196898,0.0015398706246715166,37,0.37219387161977174,0.37110659554909164,0.37286919474523506,0.3737135550581855,0.37111789403672746,0.37220022220180227,0.0010104646891803096,52,0.5808563227037246,0.579985035362936,0.5831713157824404,0.5792995044810122,0.5811826306935861,0.5808989618047399,0.0013144887981919452,51
116,146.5640884399414,1.1404708759605342,2.4063016891479494,0.2211038268703593,,40,180,"{'class_weight': None, 'max_depth': 40, 'n_estimators': 180}",0.6153331101439572,0.6151471189971357,0.6168210393185284,0.6115388907488004,0.6153560002975969,0.6148392319012037,0.001756449379835768,41,0.371398191730515,0.3724626086645747,0.37264493872197446,0.37268529533403816,0.3707222753870912,0.3719826619676387,0.000786490021464836,53,0.5804277629109178,0.5805813807513212,0.5825738202380336,0.5782258991514986,0.5806231552474138,0.580486403659837,0.001378285092801468,52
117,20.61751012802124,0.46376799468377894,0.19472928047180177,0.0366814495760419,,50,20,"{'class_weight': None, 'max_depth': 50, 'n_estimators': 20}",0.6025741174720083,0.6003050254807871,0.6043968307108581,0.60041662016888,0.6045681124916301,0.6024521412648327,0.0018453986990024937,155,0.36374511515339714,0.3610983291170394,0.3651144878127267,0.3628093148482852,0.36321346527854276,0.3631961424419982,0.0013063059682597127,158,0.5703163420669944,0.5680956818212146,0.5725033428901422,0.5679698733926221,0.572477012462068,0.5702724505266082,0.0019939450336960794,156
118,34.43356738090515,1.2004728821645445,0.37807517051696776,0.06119959592924909,,50,40,"{'class_weight': None, 'max_depth': 50, 'n_estimators': 40}",0.6089350146933006,0.6094185916750363,0.6118364765837147,0.6083770412528363,0.6085484710959006,0.6094231190601576,0.0012587175018263128,106,0.3669079655872655,0.36832200195498743,0.37121130312838446,0.3702201349510944,0.36622765518302347,0.36857781216095103,0.0018978705479881276,137,0.5757808466347363,0.5766945629627286,0.5792794116602434,0.5759020929020643,0.5757600729677328,0.5766833974255011,0.001342905604930785,108
119,48.96395840644836,0.6322659494937929,0.7263575553894043,0.07615113187629202,,50,60,"{'class_weight': None, 'max_depth': 50, 'n_estimators': 60}",0.6110181155377004,0.6115388907488004,0.6136963880519287,0.6113900978313432,0.609143664905885,0.6113574314151315,0.0014505592132332769,81,0.36917624454605136,0.37081067175320903,0.37120648379508003,0.37361719498773827,0.3675339032856941,0.37046889967355456,0.0020424379036574573,115,0.5772472178479654,0.5784100503960544,0.5807679202795422,0.5792067024409033,0.576470453011692,0.5784204687952315,0.0015038536964169238,90
120,66.79242339134217,0.6281328639257434,1.003152561187744,0.10824229893666891,,50,80,"{'class_weight': None, 'max_depth': 50, 'n_estimators': 80}",0.6127292340884574,0.6117992783543503,0.6150355243090428,0.6107949261615148,0.6117476378245666,0.6124213201475863,0.0014432474254659539,68,0.36898931406405183,0.3706002880021233,0.37224603565851144,0.3729817253403508,0.3693531196724683,0.3708340965475011,0.0015656987473069337,89,0.5784803170268761,0.5783495916401139,0.5818728991425478,0.5780807454108924,0.5786495950782534,0.5790866296597368,0.0014054849717777635,71
121,79.08027172088623,1.4690046705873814,1.2581130027770997,0.1646529151356691,,50,100,"{'class_weight': None, 'max_depth': 50, 'n_estimators': 100}",0.6123572517948146,0.6125060447122717,0.6149983260796786,0.6108693226202433,0.6124916300870471,0.6126445150588109,0.001327915852018474,64,0.36908847576966525,0.3707537805292046,0.3721488098803218,0.3724793499927264,0.3700785763740172,0.37090979850918704,0.001267369670368921,84,0.5782136401729672,0.5784754454359903,0.5820005910806942,0.578074244302804,0.579179611445382,0.5791887064875676,0.0014565918640229408,69
122,102.98130369186401,3.104923422186698,1.528217077255249,0.15245885441356397,,50,120,"{'class_weight': None, 'max_depth': 50, 'n_estimators': 120}",0.6125060447122717,0.6128780270059145,0.6150727225384072,0.6114644942900718,0.6133844208020237,0.6130611418697378,0.0011867530034390154,57,0.3698064468917534,0.3709439104171464,0.3724922947152163,0.37382202936899206,0.37061400315418275,0.3715357369094582,0.001437527858806764,62,0.5783314113374618,0.5789863655311867,0.5819131369097886,0.5787539362739375,0.5800420681518416,0.5796053836408432,0.0012843340672076412,64
123,119.75308451652526,1.3520258497497497,1.9749249935150146,0.09502120444909479,,50,140,"{'class_weight': None, 'max_depth': 50, 'n_estimators': 140}",0.6123944500241788,0.6132500092995573,0.6151843172265,0.6113900978313432,0.6145376088088684,0.6133512966380896,0.0013812614793121056,52,0.3696113043344399,0.37095317866383576,0.37227257812298176,0.3728823354872416,0.3711984427250834,0.37138356786671645,0.001131111650363288,66,0.5780254318161475,0.5790419977463377,0.581942347075991,0.5782964357336815,0.5808784246584527,0.579636927406122,0.0015234206603722004,62
124,127.00252485275269,2.6441683509415608,2.079011106491089,0.26338965322446317,,50,160,"{'class_weight': None, 'max_depth': 50, 'n_estimators': 160}",0.6134360004463788,0.6131384146114645,0.61544470483205,0.6121340624186289,0.6143516107432483,0.613700958610354,0.0011230157023573214,49,0.37044405668191016,0.37092139811310354,0.3726340030022246,0.3736430506793224,0.37069271136847215,0.37166704396900657,0.0012522477354281088,58,0.5791395788245719,0.579047737206268,0.5819999795322817,0.5790369742672083,0.5803774071046114,0.5799203353869882,0.0011563018281396439,60
125,146.5099937915802,2.6491590047208047,2.5461348056793214,0.19933158602585463,,50,180,"{'class_weight': None, 'max_depth': 50, 'n_estimators': 180}",0.6135103969051073,0.6134360004463788,0.6152959119145929,0.6123944500241788,0.6146120080351164,0.6138497534650749,0.0010076377157509089,47,0.37105378017143925,0.3703867514914881,0.3721992294626894,0.37331982968050503,0.37142156751152733,0.37167623166352987,0.001008959854874348,56,0.5793774553906645,0.5789281127492335,0.5816726166537179,0.5789798856799199,0.5808206370571315,0.5799557415061336,0.0010989481219271754,58
126,19.89607286453247,1.3771707831964628,0.1783022403717041,0.015082201947384124,,60,20,"{'class_weight': None, 'max_depth': 60, 'n_estimators': 20}",0.6034296767473868,0.6034296767473868,0.6053267864449652,0.6010489900680728,0.6037125213897776,0.6033895302795178,0.0013666482112838392,151,0.36336572949963203,0.3642189283655565,0.36905800489520535,0.3641965686619705,0.3619477394150932,0.3645573941674915,0.002397107159651682,152,0.5706944637144303,0.5709607611386572,0.5746486533565315,0.5686636724010982,0.570989277256845,0.5711913655735125,0.0019330287705644777,152
127,35.684776592254636,0.8104622174313252,0.4405923843383789,0.03797646389337209,,60,40,"{'class_weight': None, 'max_depth': 60, 'n_estimators': 40}",0.6093441952163077,0.6084886359409292,0.6100881598035933,0.6074470855187293,0.6097760583289934,0.6090288269617105,0.0009564214817252654,116,0.36774941463085503,0.3672734794214924,0.36999976897492026,0.3693952537170107,0.3678100002080089,0.36844558339045747,0.0010563911394752574,138,0.5763720305982253,0.5755345657931337,0.5780902434616729,0.5748145847761164,0.5768152721289621,0.5763253393516221,0.0011193572195426938,124
128,52.26143794059753,0.41875749753206704,0.7372536659240723,0.05944598925484832,,60,60,"{'class_weight': None, 'max_depth': 60, 'n_estimators': 60}",0.6112785031432504,0.6106461332440576,0.6120596659599004,0.6087862217758435,0.6119336358901868,0.6109408320026477,0.0011900137284900551,85,0.3688751500653189,0.3691355553485215,0.37001441529402596,0.37079869919008646,0.36997332107558983,0.36975942819470853,0.0006873162191408227,128,0.5776927744131092,0.5774809144600576,0.5792222467058428,0.5759583145912767,0.578842814008735,0.5778394128358042,0.0011495736552263967,95
129,65.28944516181946,0.8122214500469994,0.9690897941589356,0.08484576141810007,,60,80,"{'class_weight': None, 'max_depth': 60, 'n_estimators': 80}",0.6119480712718075,0.6112413049138861,0.613324405758286,0.6093441952163077,0.6129008258314114,0.6117517605983397,0.0014063454528688074,80,0.3689419993625419,0.3700729231561617,0.3714523488898308,0.3714923662957504,0.3710104891416555,0.37059402536918806,0.0009713820261111964,104,0.5781811153040103,0.5776439658404958,0.5806866267741336,0.5764442322101861,0.5797004242521745,0.5785312728762001,0.0015018740431772717,89
130,77.85574464797973,1.9355580626933153,1.2767454147338868,0.133717590221355,,60,100,"{'class_weight': None, 'max_depth': 60, 'n_estimators': 100}",0.6113528996019789,0.6122084588773574,0.6141427668043001,0.6106089350146933,0.6135332192545198,0.6123692559105699,0.0013158812290325662,69,0.3687075968247867,0.37021793790349944,0.3722839120800733,0.37246063794515416,0.3707257600717309,0.3708791689650489,0.0013893044101213634,87,0.5776070515037538,0.5782730524073922,0.5813400337828739,0.577586985598305,0.5799524095903604,0.5789519065765371,0.0014721851283646357,76
131,97.57173390388489,3.421954440422406,1.6204342365264892,0.05902525681266314,,60,120,"{'class_weight': None, 'max_depth': 60, 'n_estimators': 120}",0.6124316482535431,0.6116876836662575,0.6138079827400216,0.610162556262322,0.6134960196413958,0.6123171781127079,0.0013163531270897106,71,0.3697848483457834,0.3697447642894113,0.37109152953642566,0.3723747675020129,0.37106182127582066,0.37081154618989076,0.000977427363023193,90,0.5784770330294281,0.5776608486737028,0.5806856277047185,0.5770917940051828,0.5800028560773197,0.5787836318980704,0.0013653612077950282,80
132,121.09922661781312,0.8588243482487116,1.9013362884521485,0.17283126687625117,,60,140,"{'class_weight': None, 'max_depth': 60, 'n_estimators': 140}",0.6118364765837147,0.6118736748130789,0.6142171632630287,0.6107577279321504,0.6137192173201399,0.6124808519824224,0.0012885158776575621,67,0.36958696085534126,0.3695053750509766,0.3715146251811784,0.3727018537131441,0.3716445435461677,0.3709906716693616,0.0012495382983142582,74,0.5777288820771751,0.5775771698393192,0.5812077244347794,0.5775943679409268,0.5803616364187622,0.5788939561421925,0.001567664654401074,79
133,129.9275703907013,3.071416427092319,2.1753110885620117,0.12193260140962081,,60,160,"{'class_weight': None, 'max_depth': 60, 'n_estimators': 160}",0.6122456571067217,0.6132872075289216,0.61440315440985,0.6111669084551575,0.6133844208020237,0.6128974696605349,0.001102343437902881,59,0.3690416695878882,0.3708523147587553,0.3713263013876837,0.3727713838821197,0.37108187007095067,0.3710147079374795,0.0011922049721683166,73,0.578045409029898,0.5789401182408277,0.5811584611593661,0.578039939226931,0.5798895274073177,0.579214691012868,0.0011879645502368742,68
134,142.67255940437317,2.4973450332216087,2.5137031078338623,0.11903755085633105,,60,180,"{'class_weight': None, 'max_depth': 60, 'n_estimators': 180}",0.6124688464829074,0.6125804411710003,0.6155562995201428,0.6116132872075289,0.6146120080351164,0.6133661764833391,0.0014726803519924563,51,0.3698732796317855,0.3706461260878645,0.3722111650173758,0.37323182509573416,0.37131869766156705,0.3714562186988654,0.001175038738477947,64,0.5784715592291428,0.5782224579346694,0.582318998645255,0.578335325776675,0.5807913113445063,0.5796279305860497,0.0016479488687755753,63
135,19.945415830612184,0.8788621750607484,0.1898777961730957,0.019482093286219367,,70,20,"{'class_weight': None, 'max_depth': 70, 'n_estimators': 20}",0.6037644608116653,0.6027229103894655,0.6049548041513224,0.6000818361046014,0.6051261066884904,0.603330023629109,0.0018424912725582014,152,0.363690443289293,0.36462530432780565,0.36696879482935885,0.361711406556379,0.364032463424543,0.3642056824854759,0.0016927941988501938,153,0.5710334023620863,0.5704297027968698,0.573857026365641,0.5672330972960609,0.5728976866829705,0.5710901831007258,0.0022908103387685175,153
136,32.699245643615725,0.6606440773564405,0.44222216606140136,0.08348572917010534,,70,40,"{'class_weight': None, 'max_depth': 70, 'n_estimators': 40}",0.6088978164639364,0.6096789792805862,0.6096417810512219,0.6078190678123722,0.6096644594896213,0.6091404208195477,0.0007239964735448071,113,0.367285668505079,0.3692533264564695,0.3707783939446086,0.3702681989674731,0.3676965169689216,0.3690564209685103,0.0013753015520399162,134,0.5757868073904054,0.5769092162447274,0.5780332399697822,0.5756625057923441,0.5766744381473299,0.5766132415089178,0.0008596084523383684,112
137,52.90666079521179,0.8112474577138135,0.7417670726776123,0.06277860429225833,,70,60,"{'class_weight': None, 'max_depth': 70, 'n_estimators': 60}",0.6123944500241788,0.611762080124986,0.6116876836662575,0.6090094111520291,0.6118220370508147,0.6113351324036532,0.0011895197389160536,82,0.3698173316972221,0.37062120365440654,0.37140632965775655,0.37125552581678817,0.36983403593650865,0.37058688535253637,0.0006750913800748382,105,0.578657276104569,0.5784500825536151,0.57935613019897,0.5765917384755805,0.5787177024523723,0.5783545859570214,0.0009320210969696028,91
138,65.73803644180298,1.6442516118752584,0.9563486576080322,0.08903294096100513,,70,80,"{'class_weight': None, 'max_depth': 70, 'n_estimators': 80}",0.6115760889781646,0.6116132872075289,0.6138823791987501,0.6092697987575791,0.6129752250576594,0.6118633558399365,0.0015610447393324307,77,0.36880098196180766,0.3710627047463607,0.37376623315160773,0.37046072129631585,0.3707951277743974,0.37097715378609786,0.0016013645723686654,77,0.5779122851876873,0.5781681874921929,0.5816439782367413,0.576167124806106,0.5796810548387916,0.5787145261123039,0.0018410430376430648,85
139,77.45049123764038,0.36550355141312574,1.3065770149230957,0.12605419488395445,,70,100,"{'class_weight': None, 'max_depth': 70, 'n_estimators': 100}",0.6109809173083361,0.6121712606479932,0.6142171632630287,0.6094185916750363,0.613942414998884,0.6121460695786556,0.0018063020808249115,74,0.3678667540695318,0.3703768284593421,0.3728979029064806,0.3704928470442147,0.37106925179888034,0.3705407168556899,0.0016133755403676003,110,0.5767567723602112,0.578237520448187,0.5815775343943443,0.5760706673437538,0.5803435860039556,0.5785972161100904,0.002089601288092825,88
140,99.84276947975158,1.4110191735567281,1.5174971103668213,0.1456676095342959,,70,120,"{'class_weight': None, 'max_depth': 70, 'n_estimators': 120}",0.6119852695011717,0.6118736748130789,0.6140311721162073,0.6098649704274076,0.6140168142251321,0.6123543802165996,0.0015581912213241337,70,0.36979219830026233,0.36940713645074996,0.37272907379801995,0.3718033511606199,0.37158959977156697,0.37106427189624386,0.0012615896342380954,72,0.5780452892206847,0.5776700067289933,0.5814770690929155,0.5769409523857055,0.5806835938418553,0.5789633822540308,0.001782340431556608,75
141,119.20167932510375,1.924264182103573,1.8106136322021484,0.1314161803335801,,70,140,"{'class_weight': None, 'max_depth': 70, 'n_estimators': 140}",0.6130268199233716,0.611762080124986,0.6141427668043001,0.6099393668861363,0.6149840041663567,0.6127710075810302,0.0017821695118212652,60,0.3700899722536094,0.37034973440738683,0.3719287329339821,0.3712448252186948,0.3721853648872731,0.3711597259401892,0.0008307837416130081,71,0.5786977662260967,0.5776645490145881,0.5811832830330899,0.5766507541111298,0.5813874069768445,0.5791167518723498,0.001886372853498342,70
142,128.5065507888794,1.9608675182676725,2.0968587398529053,0.12573922721778905,,70,160,"{'class_weight': None, 'max_depth': 70, 'n_estimators': 160}",0.6128780270059145,0.611762080124986,0.6146635420154001,0.6104973403266004,0.61390521538576,0.6127412409717323,0.0014874565020308302,63,0.36948957059035015,0.3698573241587869,0.371623991373588,0.37199679275600966,0.3715246983373741,0.37089847544322174,0.0010191995172164148,86,0.5785273415524578,0.5773937518497018,0.5815491124853408,0.5773036090765895,0.5802697762682987,0.5790087182464777,0.001660789420049735,74
143,144.89503269195558,1.0660177681182514,2.5820947647094727,0.23540772937436485,,70,180,"{'class_weight': None, 'max_depth': 70, 'n_estimators': 180}",0.6122456571067217,0.6128408287765502,0.6154819030614143,0.6106089350146933,0.6144632095826204,0.6131281067084,0.0017047186799127843,54,0.36950584988417445,0.3713463800525633,0.372214590556365,0.37211682939327684,0.37113094655319223,0.37126291928791433,0.0009743219244930688,67,0.5780290600773936,0.5785378707833043,0.5822306054700594,0.5775227127786514,0.5803956561186835,0.5793431810456184,0.0017397969326925623,65
144,20.584357690811157,0.4210669879041729,0.18866572380065919,0.030256118615238085,,80,20,"{'class_weight': None, 'max_depth': 80, 'n_estimators': 20}",0.6037644608116653,0.6027229103894655,0.6049548041513224,0.6000818361046014,0.6051261066884904,0.603330023629109,0.0018424912725582014,152,0.363690443289293,0.36462530432780565,0.36696879482935885,0.361711406556379,0.364032463424543,0.3642056824854759,0.0016927941988501938,153,0.5710334023620863,0.5704297027968698,0.573857026365641,0.5672330972960609,0.5728976866829705,0.5710901831007258,0.0022908103387685175,153
145,33.34315662384033,1.238731898766632,0.41564216613769533,0.056782127340477065,,80,40,"{'class_weight': None, 'max_depth': 80, 'n_estimators': 40}",0.6088978164639364,0.609381393445672,0.6096417810512219,0.6078190678123722,0.6096644594896213,0.6090809036525647,0.0006886458586651416,114,0.367285668505079,0.3688948128243249,0.3707783939446086,0.3703003240331379,0.3676965169689216,0.36899114325521437,0.001378564487606549,135,0.5757868073904054,0.5766027675981829,0.5780332399697822,0.5756815070267368,0.5766744381473299,0.5765557520264875,0.0008431900918288859,115
146,49.84141201972962,0.4734457933025599,0.6838210105895997,0.07403011507713282,,80,60,"{'class_weight': None, 'max_depth': 80, 'n_estimators': 60}",0.6122084588773574,0.6112041066845219,0.6118364765837147,0.6090094111520291,0.6118220370508147,0.6112160980696876,0.0011494713974691325,83,0.3688380321468047,0.37029009776400096,0.3714925538203042,0.37125552581678817,0.36983403593650865,0.37034204909688134,0.0009675685127832308,117,0.578244012351488,0.5779683072601385,0.579450716118663,0.5765917384755805,0.5787177024523723,0.5781944953316486,0.0009459681681244196,92
147,64.74557380676269,0.701261870135798,1.0107739925384522,0.054889881434984446,,80,80,"{'class_weight': None, 'max_depth': 80, 'n_estimators': 80}",0.6118364765837147,0.6111669084551575,0.6141055685749358,0.6092697987575791,0.6128636262182874,0.6118484757179349,0.0016272216494547956,78,0.3691274828859947,0.3704253111989379,0.37325638321247057,0.37046072129631585,0.37037214922338724,0.37072840956342124,0.001359710561374246,96,0.5781819328254462,0.5775511439772055,0.5816543038259568,0.576167124806106,0.5795528236516663,0.5786214658172761,0.0018669816117963811,86
148,79.76454453468322,0.7028031368221095,1.268796682357788,0.16375682632732136,,80,100,"{'class_weight': None, 'max_depth': 80, 'n_estimators': 100}",0.6115388907488004,0.6119108730424432,0.614254361492393,0.6094185916750363,0.613942414998884,0.6122130263915114,0.0017613889317904291,72,0.36888727041870345,0.3701696992598845,0.37330298279950647,0.3704928470442147,0.3710752445874975,0.3707856088219613,0.001448433868697487,92,0.5776096984908168,0.5779070127378125,0.5818177799053467,0.5760706673437538,0.5803635122316788,0.5787537341418817,0.0020593379562000615,81
149,98.99365119934082,1.5626064285468173,1.6505746841430664,0.09303699963481497,,80,120,"{'class_weight': None, 'max_depth': 80, 'n_estimators': 120}",0.6117992783543503,0.6113900978313432,0.6138079827400216,0.6098649704274076,0.6138680157726359,0.6121460690251517,0.0015246130541679904,75,0.3692169769568286,0.36882968034230185,0.37209039127299154,0.3718033511606199,0.3715023633328214,0.3706885526131126,0.0013777631399282937,99,0.5778076272123017,0.5771805263237759,0.5811806259868937,0.5769409523857055,0.58053486303553,0.5787289189888414,0.0017728747310933224,83
150,117.4309323310852,2.5850097203514295,1.845307970046997,0.19791796234813594,,80,140,"{'class_weight': None, 'max_depth': 80, 'n_estimators': 140}",0.6129524234646431,0.6111297102257932,0.61440315440985,0.6099393668861363,0.6146864072613645,0.6126222124495574,0.001842113840489547,65,0.37003735085024586,0.3695234749802002,0.372067978604826,0.3712448252186948,0.37203486316425055,0.3709816985636435,0.0010369767850392055,75,0.57858994933483,0.5768240981377374,0.5815106396322803,0.5766507541111298,0.5811452758304874,0.578944143409293,0.0020645370748427322,77
151,126.15329566001893,1.2627290502421034,2.090182161331177,0.1652967112952196,,80,160,"{'class_weight': None, 'max_depth': 80, 'n_estimators': 160}",0.6128780270059145,0.6119108730424432,0.6147007402447644,0.6104973403266004,0.6137936165463879,0.6127561194332222,0.0014621447486774994,61,0.3696338966656744,0.36997119828306113,0.3715999364318233,0.37199679275600966,0.3714607692054692,0.3709325186684076,0.0009452756659975282,81,0.5785792773936554,0.5775319096781659,0.5815111319720495,0.5773036090765895,0.5801572395034579,0.5790166335247836,0.0016033491540061262,72
152,147.07717270851134,1.600741361873785,2.5007410049438477,0.2169562201145137,,80,180,"{'class_weight': None, 'max_depth': 80, 'n_estimators': 180}",0.6124316482535431,0.6128780270059145,0.6151843172265,0.6104601420972362,0.6144632095826204,0.6130834688331628,0.0016532494115122133,55,0.3697432689368773,0.3712374409910172,0.3720755526845211,0.371930496025395,0.37111896097595787,0.3712211439227537,0.0008280116135218794,69,0.5783191036196329,0.5784635158728293,0.5820210119998664,0.5773417909045089,0.5803761129574121,0.5793043070708499,0.001676799267170691,66
153,20.56395831108093,0.4082563869941452,0.1997204303741455,0.02506794689436371,,90,20,"{'class_weight': None, 'max_depth': 90, 'n_estimators': 20}",0.6037644608116653,0.6027229103894655,0.6049548041513224,0.6000818361046014,0.6051261066884904,0.603330023629109,0.0018424912725582014,152,0.363690443289293,0.36462530432780565,0.36696879482935885,0.361711406556379,0.364032463424543,0.3642056824854759,0.0016927941988501938,153,0.5710334023620863,0.5704297027968698,0.573857026365641,0.5672330972960609,0.5728976866829705,0.5710901831007258,0.0022908103387685175,153
154,34.62407507896423,0.6341311353187516,0.44775824546813964,0.033140713615895545,,90,40,"{'class_weight': None, 'max_depth': 90, 'n_estimators': 40}",0.6088978164639364,0.609381393445672,0.6096417810512219,0.6078190678123722,0.6096644594896213,0.6090809036525647,0.0006886458586651416,114,0.367285668505079,0.3688948128243249,0.3707783939446086,0.3703003240331379,0.3676965169689216,0.36899114325521437,0.001378564487606549,135,0.5757868073904054,0.5766027675981829,0.5780332399697822,0.5756815070267368,0.5766744381473299,0.5765557520264875,0.0008431900918288859,115
155,49.858608436584475,1.356506353839858,0.6829371452331543,0.07138268259354791,,90,60,"{'class_weight': None, 'max_depth': 90, 'n_estimators': 60}",0.6122084588773574,0.6112041066845219,0.6118364765837147,0.6090094111520291,0.6118220370508147,0.6112160980696876,0.0011494713974691325,83,0.3688380321468047,0.37029009776400096,0.3714925538203042,0.37125552581678817,0.36983403593650865,0.37034204909688134,0.0009675685127832308,117,0.578244012351488,0.5779683072601385,0.579450716118663,0.5765917384755805,0.5787177024523723,0.5781944953316486,0.0009459681681244196,92
156,62.997541999816896,0.5704990277177329,0.954397439956665,0.03305728974654059,,90,80,"{'class_weight': None, 'max_depth': 90, 'n_estimators': 80}",0.6118364765837147,0.6111669084551575,0.6141055685749358,0.6092697987575791,0.6128636262182874,0.6118484757179349,0.0016272216494547956,78,0.3691274828859947,0.3704253111989379,0.37325638321247057,0.37046072129631585,0.37037214922338724,0.37072840956342124,0.001359710561374246,96,0.5781819328254462,0.5775511439772055,0.5816543038259568,0.576167124806106,0.5795528236516663,0.5786214658172761,0.0018669816117963811,86
157,82.45648531913757,0.9672033903957331,1.3660471439361572,0.11038205808171006,,90,100,"{'class_weight': None, 'max_depth': 90, 'n_estimators': 100}",0.6115388907488004,0.6119108730424432,0.614254361492393,0.6094185916750363,0.613942414998884,0.6122130263915114,0.0017613889317904291,72,0.36888727041870345,0.3701696992598845,0.37330298279950647,0.3704928470442147,0.3710752445874975,0.3707856088219613,0.001448433868697487,92,0.5776096984908168,0.5779070127378125,0.5818177799053467,0.5760706673437538,0.5803635122316788,0.5787537341418817,0.0020593379562000615,81
158,98.22780847549438,1.4324749847093432,1.5323965549468994,0.08939406040211197,,90,120,"{'class_weight': None, 'max_depth': 90, 'n_estimators': 120}",0.6117992783543503,0.6113900978313432,0.6138079827400216,0.6098649704274076,0.6138680157726359,0.6121460690251517,0.0015246130541679904,75,0.3692169769568286,0.36882968034230185,0.37209039127299154,0.3718033511606199,0.3715023633328214,0.3706885526131126,0.0013777631399282937,99,0.5778076272123017,0.5771805263237759,0.5811806259868937,0.5769409523857055,0.58053486303553,0.5787289189888414,0.0017728747310933224,83
159,118.08555617332459,1.282107182146349,1.9561850070953368,0.07788628146548902,,90,140,"{'class_weight': None, 'max_depth': 90, 'n_estimators': 140}",0.6129524234646431,0.6111297102257932,0.61440315440985,0.6099393668861363,0.6146864072613645,0.6126222124495574,0.001842113840489547,65,0.37003735085024586,0.3695234749802002,0.372067978604826,0.3712448252186948,0.37203486316425055,0.3709816985636435,0.0010369767850392055,75,0.57858994933483,0.5768240981377374,0.5815106396322803,0.5766507541111298,0.5811452758304874,0.578944143409293,0.0020645370748427322,77
160,131.51836757659913,2.8714053164328566,2.034865379333496,0.18826309933437652,,90,160,"{'class_weight': None, 'max_depth': 90, 'n_estimators': 160}",0.6128780270059145,0.6119108730424432,0.6147007402447644,0.6104973403266004,0.6137936165463879,0.6127561194332222,0.0014621447486774994,61,0.3696338966656744,0.36997119828306113,0.3715999364318233,0.37199679275600966,0.3714607692054692,0.3709325186684076,0.0009452756659975282,81,0.5785792773936554,0.5775319096781659,0.5815111319720495,0.5773036090765895,0.5801572395034579,0.5790166335247836,0.0016033491540061262,72
161,110.30256795883179,18.095631896122523,0.9955160617828369,0.3919253524049788,,90,180,"{'class_weight': None, 'max_depth': 90, 'n_estimators': 180}",0.6124316482535431,0.6128780270059145,0.6151843172265,0.6104601420972362,0.6144632095826204,0.6130834688331628,0.0016532494115122133,55,0.3697432689368773,0.3712374409910172,0.3720755526845211,0.371930496025395,0.37111896097595787,0.3712211439227537,0.0008280116135218794,69,0.5783191036196329,0.5784635158728293,0.5820210119998664,0.5773417909045089,0.5803761129574121,0.5793043070708499,0.001676799267170691,66
